Workbook

Sheet Leia-me
B1: Painel Comercial: pipeline, metas e carteira
B2: Modelo em Excel para apoiar o time comercial. Todos os nomes, valores e datas são fictícios e foram criados para demonstração.
B4: Para que serve
B5: Metas | C5: Mostra o quanto cada consultor vendeu contra a meta do mês e do ano.
B6: Pipeline | C6: Soma as oportunidades abertas por etapa e calcula o forecast ponderado pela probabilidade de cada etapa.
B7: Ação | C7: Aponta oportunidades paradas, previsões de fechamento vencidas e clientes que precisam de contato.
B9: Como usar
B10: 1. Painel | C10: Escolha o mês e o consultor nas células amarelas do topo. Todos os números e gráficos acompanham o filtro.
B11: 2. Oportunidades | C11: Registre cada oportunidade em uma linha nova (até a linha 604). Escolha cliente, consultor, produto e etapa nas listas. Região, probabilidade, valor ponderado, status, dias e alerta são calculados.
B12: 3. Metas | C12: Digite a meta mensal de cada consultor. Os totais são somados sozinhos.
B13: 4. Carteira | C13: Cadastre os clientes. Última compra, total comprado e situação (Ativo, Em risco, Inativo ou Sem compra) saem das vendas ganhas.
B14: 5. Parâmetros | C14: Ajuste a data de referência, os limites de dias e a probabilidade de cada etapa.
B16: Legenda de cores
B17: Texto azul | C17: Valor digitado por você (entrada).
B18: Texto preto | C18: Fórmula. Não precisa editar.
B19: Texto verde | C19: Vínculo com outra aba.
B20: Fundo amarelo | C20: Campo que você mais vai alterar: filtros do Painel e parâmetros principais.
B22: Regras de cálculo
B23: Valor ponderado | C23: Valor da oportunidade x probabilidade da etapa (aba Parâmetros).
B24: Atingimento | C24: Realizado do mês dividido pela meta do mês. Realizado considera só oportunidades ganhas, pela data de fechamento.
B25: Conversão | C25: Oportunidades ganhas dividido por ganhas mais perdidas, em todo o período.
B26: Parada | C26: Oportunidade aberta há mais dias que o limite da aba Parâmetros (45 dias de partida).
B27: Previsão vencida | C27: Oportunidade aberta cuja data prevista de fechamento já passou em relação à data de referência.
B28: Situação do cliente | C28: Dias desde a última venda ganha até a data de referência: até 90 dias é Ativo, até 180 é Em risco, acima disso é Inativo.
B30: Premissas
B31: Data de referência | C31: Fixada em 13/10/2026 para o painel não mudar sozinho. Em uso real, troque por =HOJE() em Parâmetros.
B32: Dados | C32: Clientes, consultores, valores e metas são inventados. Para usar dados reais, exporte as oportunidades do CRM e cole nas colunas azuis de Oportunidades.
B33: Capacidade | C33: Oportunidades aceita até 600 linhas e Carteira até 100 clientes. Para mais, copie as fórmulas das últimas linhas para baixo e amplie os nomes definidos.

Sheet Painel
B1: Painel Comercial
B2: Pipeline, metas e carteira de clientes. Escolha o mês e o consultor nas células amarelas. Dados fictícios para demonstração.
B4: Mês | C4: 46266 | E4: Consultor | F4: Todos | H4: Data de referência | I4: =DataRef -> 46308
B6: META DO MÊS | D6: VENDIDO NO MÊS | F6: ATINGIMENTO DA META | H6: PIPELINE ABERTO | J6: FORECAST PONDERADO | L6: CONVERSÃO
B7: =IF($F$4="Todos",INDEX(Metas!$C$11:$N$11,MATCH(MesIni,Metas!$C$4:$N$4,0)),INDEX(Metas!$C$5:$N$10,MATCH($F$4,Metas!$A$5:$A$10,0),MATCH(MesIni,Metas!$C$4:$N$4,0))) -> 355000 | D7: =SUMIFS(op_Valor,op_Status,"Ganha",op_Consultor,CritConsultor,op_Fech,">="&MesIni,op_Fech,"<="&MesFim) -> 221600 | F7: =IFERROR(D7/B7,0) -> 0.62422535 | H7: =SUMIFS(op_Valor,op_Status,"Aberta",op_Consultor,CritConsultor) -> 1623700 | J7: =SUMIFS(op_Pond,op_Status,"Aberta",op_Consultor,CritConsultor) -> 749005 | L7: =IFERROR(COUNTIFS(op_Status,"Ganha",op_Consultor,CritConsultor)/(COUNTIFS(op_Status,"Ganha",op_Consultor,CritConsultor)+COUNTIFS(op_Status,"Perdida",op_Consultor,CritConsultor)),0) -> 0.57854406
B8: para o filtro atual | D8: oportunidades ganhas | F8: =IF(F7>=1,"Meta batida",IF(F7>=0.8,"Quase lá","Abaixo da meta")) -> Abaixo da meta | H8: soma das oportunidades abertas | J8: valor x probabilidade da etapa | L8: ganhas / fechadas, todo o período
B10: Meta x realizado por consultor (mês selecionado)
B11: Consultor | C11: Meta (R$) | D11: Realizado (R$) | E11: Atingimento | F11: Realizado - meta (R$) | G11: Situação
B12: =Parâmetros!$E$18 -> Ana Souza | C12: =INDEX(Metas!$C$5:$N$10,MATCH($B12,Metas!$A$5:$A$10,0),MATCH(MesIni,Metas!$C$4:$N$4,0)) -> 81000 | D12: =SUMIFS(op_Valor,op_Status,"Ganha",op_Consultor,$B12,op_Fech,">="&MesIni,op_Fech,"<="&MesFim) -> 8300 | E12: =IFERROR(D12/C12,0) -> 0.10246914 | F12: =D12-C12 -> -72700 | G12: =IF(E12>=1,"Meta batida",IF(E12>=0.8,"Quase lá","Abaixo")) -> Abaixo
B13: =Parâmetros!$E$19 -> Bruno Lima | C13: =INDEX(Metas!$C$5:$N$10,MATCH($B13,Metas!$A$5:$A$10,0),MATCH(MesIni,Metas!$C$4:$N$4,0)) -> 68000 | D13: =SUMIFS(op_Valor,op_Status,"Ganha",op_Consultor,$B13,op_Fech,">="&MesIni,op_Fech,"<="&MesFim) -> 43400 | E13: =IFERROR(D13/C13,0) -> 0.63823529 | F13: =D13-C13 -> -24600 | G13: =IF(E13>=1,"Meta batida",IF(E13>=0.8,"Quase lá","Abaixo")) -> Abaixo
B14: =Parâmetros!$E$20 -> Carla Mendes | C14: =INDEX(Metas!$C$5:$N$10,MATCH($B14,Metas!$A$5:$A$10,0),MATCH(MesIni,Metas!$C$4:$N$4,0)) -> 55000 | D14: =SUMIFS(op_Valor,op_Status,"Ganha",op_Consultor,$B14,op_Fech,">="&MesIni,op_Fech,"<="&MesFim) -> 22900 | E14: =IFERROR(D14/C14,0) -> 0.41636364 | F14: =D14-C14 -> -32100 | G14: =IF(E14>=1,"Meta batida",IF(E14>=0.8,"Quase lá","Abaixo")) -> Abaixo
B15: =Parâmetros!$E$21 -> Diego Rocha | C15: =INDEX(Metas!$C$5:$N$10,MATCH($B15,Metas!$A$5:$A$10,0),MATCH(MesIni,Metas!$C$4:$N$4,0)) -> 45000 | D15: =SUMIFS(op_Valor,op_Status,"Ganha",op_Consultor,$B15,op_Fech,">="&MesIni,op_Fech,"<="&MesFim) -> 61600 | E15: =IFERROR(D15/C15,0) -> 1.3688889 | F15: =D15-C15 -> 16600 | G15: =IF(E15>=1,"Meta batida",IF(E15>=0.8,"Quase lá","Abaixo")) -> Meta batida
B16: =Parâmetros!$E$22 -> Elisa Prado | C16: =INDEX(Metas!$C$5:$N$10,MATCH($B16,Metas!$A$5:$A$10,0),MATCH(MesIni,Metas!$C$4:$N$4,0)) -> 48000 | D16: =SUMIFS(op_Valor,op_Status,"Ganha",op_Consultor,$B16,op_Fech,">="&MesIni,op_Fech,"<="&MesFim) -> 35000 | E16: =IFERROR(D16/C16,0) -> 0.72916667 | F16: =D16-C16 -> -13000 | G16: =IF(E16>=1,"Meta batida",IF(E16>=0.8,"Quase lá","Abaixo")) -> Abaixo
B17: =Parâmetros!$E$23 -> Felipe Duarte | C17: =INDEX(Metas!$C$5:$N$10,MATCH($B17,Metas!$A$5:$A$10,0),MATCH(MesIni,Metas!$C$4:$N$4,0)) -> 58000 | D17: =SUMIFS(op_Valor,op_Status,"Ganha",op_Consultor,$B17,op_Fech,">="&MesIni,op_Fech,"<="&MesFim) -> 50400 | E17: =IFERROR(D17/C17,0) -> 0.86896552 | F17: =D17-C17 -> -7600 | G17: =IF(E17>=1,"Meta batida",IF(E17>=0.8,"Quase lá","Abaixo")) -> Quase lá
B18: Total da equipe | C18: =SUM(C12:C17) -> 355000 | D18: =SUM(D12:D17) -> 221600 | E18: =IFERROR(D18/C18,0) -> 0.62422535 | F18: =D18-C18 -> -133400 | G18: =IF(E18>=1,"Meta batida",IF(E18>=0.8,"Quase lá","Abaixo")) -> Abaixo
B20: Alertas e indicadores (segue o filtro de consultor)
B21: Indicador | E21: Qtde | F21: Valor (R$)
B22: ="Oportunidades paradas (mais de "&DiasParada&" dias)" -> Oportunidades paradas (mais de 45 dias) | E22: =COUNTIFS(op_Alerta,"Parada",op_Consultor,CritConsultor) -> 14 | F22: =SUMIFS(op_Valor,op_Alerta,"Parada",op_Consultor,CritConsultor) -> 245400
B23: Previsão de fechamento vencida | E23: =COUNTIFS(op_Alerta,"Previsão vencida",op_Consultor,CritConsultor) -> 33 | F23: =SUMIFS(op_Valor,op_Alerta,"Previsão vencida",op_Consultor,CritConsultor) -> 700800
B24: Clientes em risco (histórico comprado) | E24: =COUNTIFS(cl_Situacao,"Em risco",cl_Consultor,CritConsultor) -> 8 | F24: =SUMIFS(cl_Total,cl_Situacao,"Em risco",cl_Consultor,CritConsultor) -> 476400
B25: Clientes inativos (histórico comprado) | E25: =COUNTIFS(cl_Situacao,"Inativo",cl_Consultor,CritConsultor) -> 2 | F25: =SUMIFS(cl_Total,cl_Situacao,"Inativo",cl_Consultor,CritConsultor) -> 79900
B26: Ticket médio das vendas ganhas | E26: =COUNTIFS(op_Status,"Ganha",op_Consultor,CritConsultor) -> 151 | F26: =IFERROR(AVERAGEIFS(op_Valor,op_Status,"Ganha",op_Consultor,CritConsultor),0) -> 21873.51
B27: Ciclo médio de venda (dias) | E27: =IFERROR(AVERAGEIFS(op_Dias,op_Status,"Ganha",op_Consultor,CritConsultor),0) -> 43.245033
B29: Funil de oportunidades abertas
B30: Etapa | C30: Qtde | D30: Valor (R$) | E30: Ponderado (R$) | F30: % do pipeline
B31: =Parâmetros!$B$17 -> Prospecção | C31: =COUNTIFS(op_Etapa,$B31,op_Consultor,CritConsultor) -> 14 | D31: =SUMIFS(op_Valor,op_Etapa,$B31,op_Consultor,CritConsultor) -> 222300 | E31: =SUMIFS(op_Pond,op_Etapa,$B31,op_Consultor,CritConsultor) -> 22230 | F31: =IFERROR(D31/D$35,0) -> 0.13690953
B32: =Parâmetros!$B$18 -> Qualificação | C32: =COUNTIFS(op_Etapa,$B32,op_Consultor,CritConsultor) -> 24 | D32: =SUMIFS(op_Valor,op_Etapa,$B32,op_Consultor,CritConsultor) -> 474500 | E32: =SUMIFS(op_Pond,op_Etapa,$B32,op_Consultor,CritConsultor) -> 118625 | F32: =IFERROR(D32/D$35,0) -> 0.29223379
B33: =Parâmetros!$B$19 -> Proposta enviada | C33: =COUNTIFS(op_Etapa,$B33,op_Consultor,CritConsultor) -> 21 | D33: =SUMIFS(op_Valor,op_Etapa,$B33,op_Consultor,CritConsultor) -> 348100 | E33: =SUMIFS(op_Pond,op_Etapa,$B33,op_Consultor,CritConsultor) -> 174050 | F33: =IFERROR(D33/D$35,0) -> 0.21438689
B34: =Parâmetros!$B$20 -> Negociação | C34: =COUNTIFS(op_Etapa,$B34,op_Consultor,CritConsultor) -> 22 | D34: =SUMIFS(op_Valor,op_Etapa,$B34,op_Consultor,CritConsultor) -> 578800 | E34: =SUMIFS(op_Pond,op_Etapa,$B34,op_Consultor,CritConsultor) -> 434100 | F34: =IFERROR(D34/D$35,0) -> 0.35646979
B35: Total em aberto | C35: =SUM(C31:C34) -> 81 | D35: =SUM(D31:D34) -> 1623700 | E35: =SUM(E31:E34) -> 749005 | F35: =SUM(F31:F34) -> 1
B37: Top 5 clientes por valor comprado (toda a carteira)
B38: Cliente | D38: Total comprado (R$) | E38: Última compra | F38: Situação | G38: Consultor
B39: =1&". "&INDEX(cl_Nome,MATCH(LARGE(cl_Chave,1),cl_Chave,0)) -> 1. Prefeitura de Campo Alto | D39: =INDEX(cl_Total,MATCH(LARGE(cl_Chave,1),cl_Chave,0)) -> 305800 | E39: =INDEX(cl_Ultima,MATCH(LARGE(cl_Chave,1),cl_Chave,0)) -> 46303 | F39: =INDEX(cl_Situacao,MATCH(LARGE(cl_Chave,1),cl_Chave,0)) -> Ativo | G39: =INDEX(cl_Consultor,MATCH(LARGE(cl_Chave,1),cl_Chave,0)) -> Ana Souza
B40: =2&". "&INDEX(cl_Nome,MATCH(LARGE(cl_Chave,2),cl_Chave,0)) -> 2. Rede Primeiros Passos | D40: =INDEX(cl_Total,MATCH(LARGE(cl_Chave,2),cl_Chave,0)) -> 295400 | E40: =INDEX(cl_Ultima,MATCH(LARGE(cl_Chave,2),cl_Chave,0)) -> 46256 | F40: =INDEX(cl_Situacao,MATCH(LARGE(cl_Chave,2),cl_Chave,0)) -> Ativo | G40: =INDEX(cl_Consultor,MATCH(LARGE(cl_Chave,2),cl_Chave,0)) -> Diego Rocha
B41: =3&". "&INDEX(cl_Nome,MATCH(LARGE(cl_Chave,3),cl_Chave,0)) -> 3. Instituto Aprender+ | D41: =INDEX(cl_Total,MATCH(LARGE(cl_Chave,3),cl_Chave,0)) -> 262100 | E41: =INDEX(cl_Ultima,MATCH(LARGE(cl_Chave,3),cl_Chave,0)) -> 46216 | F41: =INDEX(cl_Situacao,MATCH(LARGE(cl_Chave,3),cl_Chave,0)) -> Em risco | G41: =INDEX(cl_Consultor,MATCH(LARGE(cl_Chave,3),cl_Chave,0)) -> Carla Mendes
B42: =4&". "&INDEX(cl_Nome,MATCH(LARGE(cl_Chave,4),cl_Chave,0)) -> 4. Prefeitura de Monte Belo | D42: =INDEX(cl_Total,MATCH(LARGE(cl_Chave,4),cl_Chave,0)) -> 260400 | E42: =INDEX(cl_Ultima,MATCH(LARGE(cl_Chave,4),cl_Chave,0)) -> 46235 | F42: =INDEX(cl_Situacao,MATCH(LARGE(cl_Chave,4),cl_Chave,0)) -> Ativo | G42: =INDEX(cl_Consultor,MATCH(LARGE(cl_Chave,4),cl_Chave,0)) -> Ana Souza
B43: =5&". "&INDEX(cl_Nome,MATCH(LARGE(cl_Chave,5),cl_Chave,0)) -> 5. Centro Educacional Pioneiro | D43: =INDEX(cl_Total,MATCH(LARGE(cl_Chave,5),cl_Chave,0)) -> 241500 | E43: =INDEX(cl_Ultima,MATCH(LARGE(cl_Chave,5),cl_Chave,0)) -> 46243 | F43: =INDEX(cl_Situacao,MATCH(LARGE(cl_Chave,5),cl_Chave,0)) -> Ativo | G43: =INDEX(cl_Consultor,MATCH(LARGE(cl_Chave,5),cl_Chave,0)) -> Felipe Duarte
B46: Vendas por mês, 2026 (segue o filtro de consultor)
B47: Mês | C47: Meta | D47: Realizado | E47: Atingimento | F47: Realizado - meta
B48: =Parâmetros!$N$17 -> Jan/26 | C48: =IF($F$4="Todos",INDEX(Metas!$C$11:$N$11,MATCH(Parâmetros!$M$17,Metas!$C$4:$N$4,0)),INDEX(Metas!$C$5:$N$10,MATCH($F$4,Metas!$A$5:$A$10,0),MATCH(Parâmetros!$M$17,Metas!$C$4:$N$4,0))) -> 270000 | D48: =SUMIFS(op_Valor,op_Status,"Ganha",op_Consultor,CritConsultor,op_Fech,">="&Parâmetros!$M$17,op_Fech,"<="&EOMONTH(Parâmetros!$M$17,0)) -> 249500 | E48: =IF(Parâmetros!$M$17>DataRef,"",IFERROR(D48/C48,0)) -> 0.92407407 | F48: =IF(Parâmetros!$M$17>DataRef,"",D48-C48) -> -20500
B49: =Parâmetros!$N$18 -> Fev/26 | C49: =IF($F$4="Todos",INDEX(Metas!$C$11:$N$11,MATCH(Parâmetros!$M$18,Metas!$C$4:$N$4,0)),INDEX(Metas!$C$5:$N$10,MATCH($F$4,Metas!$A$5:$A$10,0),MATCH(Parâmetros!$M$18,Metas!$C$4:$N$4,0))) -> 301000 | D49: =SUMIFS(op_Valor,op_Status,"Ganha",op_Consultor,CritConsultor,op_Fech,">="&Parâmetros!$M$18,op_Fech,"<="&EOMONTH(Parâmetros!$M$18,0)) -> 324800 | E49: =IF(Parâmetros!$M$18>DataRef,"",IFERROR(D49/C49,0)) -> 1.0790698 | F49: =IF(Parâmetros!$M$18>DataRef,"",D49-C49) -> 23800
B50: =Parâmetros!$N$19 -> Mar/26 | C50: =IF($F$4="Todos",INDEX(Metas!$C$11:$N$11,MATCH(Parâmetros!$M$19,Metas!$C$4:$N$4,0)),INDEX(Metas!$C$5:$N$10,MATCH($F$4,Metas!$A$5:$A$10,0),MATCH(Parâmetros!$M$19,Metas!$C$4:$N$4,0))) -> 343000 | D50: =SUMIFS(op_Valor,op_Status,"Ganha",op_Consultor,CritConsultor,op_Fech,">="&Parâmetros!$M$19,op_Fech,"<="&EOMONTH(Parâmetros!$M$19,0)) -> 221300 | E50: =IF(Parâmetros!$M$19>DataRef,"",IFERROR(D50/C50,0)) -> 0.6451895 | F50: =IF(Parâmetros!$M$19>DataRef,"",D50-C50) -> -121700
B51: =Parâmetros!$N$20 -> Abr/26 | C51: =IF($F$4="Todos",INDEX(Metas!$C$11:$N$11,MATCH(Parâmetros!$M$20,Metas!$C$4:$N$4,0)),INDEX(Metas!$C$5:$N$10,MATCH($F$4,Metas!$A$5:$A$10,0),MATCH(Parâmetros!$M$20,Metas!$C$4:$N$4,0))) -> 313000 | D51: =SUMIFS(op_Valor,op_Status,"Ganha",op_Consultor,CritConsultor,op_Fech,">="&Parâmetros!$M$20,op_Fech,"<="&EOMONTH(Parâmetros!$M$20,0)) -> 122700 | E51: =IF(Parâmetros!$M$20>DataRef,"",IFERROR(D51/C51,0)) -> 0.39201278 | F51: =IF(Parâmetros!$M$20>DataRef,"",D51-C51) -> -190300
B52: =Parâmetros!$N$21 -> Mai/26 | C52: =IF($F$4="Todos",INDEX(Metas!$C$11:$N$11,MATCH(Parâmetros!$M$21,Metas!$C$4:$N$4,0)),INDEX(Metas!$C$5:$N$10,MATCH($F$4,Metas!$A$5:$A$10,0),MATCH(Parâmetros!$M$21,Metas!$C$4:$N$4,0))) -> 326000 | D52: =SUMIFS(op_Valor,op_Status,"Ganha",op_Consultor,CritConsultor,op_Fech,">="&Parâmetros!$M$21,op_Fech,"<="&EOMONTH(Parâmetros!$M$21,0)) -> 241100 | E52: =IF(Parâmetros!$M$21>DataRef,"",IFERROR(D52/C52,0)) -> 0.73957055 | F52: =IF(Parâmetros!$M$21>DataRef,"",D52-C52) -> -84900
B53: =Parâmetros!$N$22 -> Jun/26 | C53: =IF($F$4="Todos",INDEX(Metas!$C$11:$N$11,MATCH(Parâmetros!$M$22,Metas!$C$4:$N$4,0)),INDEX(Metas!$C$5:$N$10,MATCH($F$4,Metas!$A$5:$A$10,0),MATCH(Parâmetros!$M$22,Metas!$C$4:$N$4,0))) -> 307000 | D53: =SUMIFS(op_Valor,op_Status,"Ganha",op_Consultor,CritConsultor,op_Fech,">="&Parâmetros!$M$22,op_Fech,"<="&EOMONTH(Parâmetros!$M$22,0)) -> 421000 | E53: =IF(Parâmetros!$M$22>DataRef,"",IFERROR(D53/C53,0)) -> 1.3713355 | F53: =IF(Parâmetros!$M$22>DataRef,"",D53-C53) -> 114000
B54: =Parâmetros!$N$23 -> Jul/26 | C54: =IF($F$4="Todos",INDEX(Metas!$C$11:$N$11,MATCH(Parâmetros!$M$23,Metas!$C$4:$N$4,0)),INDEX(Metas!$C$5:$N$10,MATCH($F$4,Metas!$A$5:$A$10,0),MATCH(Parâmetros!$M$23,Metas!$C$4:$N$4,0))) -> 273000 | D54: =SUMIFS(op_Valor,op_Status,"Ganha",op_Consultor,CritConsultor,op_Fech,">="&Parâmetros!$M$23,op_Fech,"<="&EOMONTH(Parâmetros!$M$23,0)) -> 534100 | E54: =IF(Parâmetros!$M$23>DataRef,"",IFERROR(D54/C54,0)) -> 1.9564103 | F54: =IF(Parâmetros!$M$23>DataRef,"",D54-C54) -> 261100
B55: =Parâmetros!$N$24 -> Ago/26 | C55: =IF($F$4="Todos",INDEX(Metas!$C$11:$N$11,MATCH(Parâmetros!$M$24,Metas!$C$4:$N$4,0)),INDEX(Metas!$C$5:$N$10,MATCH($F$4,Metas!$A$5:$A$10,0),MATCH(Parâmetros!$M$24,Metas!$C$4:$N$4,0))) -> 339000 | D55: =SUMIFS(op_Valor,op_Status,"Ganha",op_Consultor,CritConsultor,op_Fech,">="&Parâmetros!$M$24,op_Fech,"<="&EOMONTH(Parâmetros!$M$24,0)) -> 365500 | E55: =IF(Parâmetros!$M$24>DataRef,"",IFERROR(D55/C55,0)) -> 1.0781711 | F55: =IF(Parâmetros!$M$24>DataRef,"",D55-C55) -> 26500
B56: =Parâmetros!$N$25 -> Set/26 | C56: =IF($F$4="Todos",INDEX(Metas!$C$11:$N$11,MATCH(Parâmetros!$M$25,Metas!$C$4:$N$4,0)),INDEX(Metas!$C$5:$N$10,MATCH($F$4,Metas!$A$5:$A$10,0),MATCH(Parâmetros!$M$25,Metas!$C$4:$N$4,0))) -> 355000 | D56: =SUMIFS(op_Valor,op_Status,"Ganha",op_Consultor,CritConsultor,op_Fech,">="&Parâmetros!$M$25,op_Fech,"<="&EOMONTH(Parâmetros!$M$25,0)) -> 221600 | E56: =IF(Parâmetros!$M$25>DataRef,"",IFERROR(D56/C56,0)) -> 0.62422535 | F56: =IF(Parâmetros!$M$25>DataRef,"",D56-C56) -> -133400
B57: =Parâmetros!$N$26 -> Out/26 | C57: =IF($F$4="Todos",INDEX(Metas!$C$11:$N$11,MATCH(Parâmetros!$M$26,Metas!$C$4:$N$4,0)),INDEX(Metas!$C$5:$N$10,MATCH($F$4,Metas!$A$5:$A$10,0),MATCH(Parâmetros!$M$26,Metas!$C$4:$N$4,0))) -> 343000 | D57: =SUMIFS(op_Valor,op_Status,"Ganha",op_Consultor,CritConsultor,op_Fech,">="&Parâmetros!$M$26,op_Fech,"<="&EOMONTH(Parâmetros!$M$26,0)) -> 52600 | E57: =IF(Parâmetros!$M$26>DataRef,"",IFERROR(D57/C57,0)) -> 0.15335277 | F57: =IF(Parâmetros!$M$26>DataRef,"",D57-C57) -> -290400
B58: =Parâmetros!$N$27 -> Nov/26 | C58: =IF($F$4="Todos",INDEX(Metas!$C$11:$N$11,MATCH(Parâmetros!$M$27,Metas!$C$4:$N$4,0)),INDEX(Metas!$C$5:$N$10,MATCH($F$4,Metas!$A$5:$A$10,0),MATCH(Parâmetros!$M$27,Metas!$C$4:$N$4,0))) -> 374000 | D58: =SUMIFS(op_Valor,op_Status,"Ganha",op_Consultor,CritConsultor,op_Fech,">="&Parâmetros!$M$27,op_Fech,"<="&EOMONTH(Parâmetros!$M$27,0)) -> 0 | E58: =IF(Parâmetros!$M$27>DataRef,"",IFERROR(D58/C58,0)) | F58: =IF(Parâmetros!$M$27>DataRef,"",D58-C58)
B59: =Parâmetros!$N$28 -> Dez/26 | C59: =IF($F$4="Todos",INDEX(Metas!$C$11:$N$11,MATCH(Parâmetros!$M$28,Metas!$C$4:$N$4,0)),INDEX(Metas!$C$5:$N$10,MATCH($F$4,Metas!$A$5:$A$10,0),MATCH(Parâmetros!$M$28,Metas!$C$4:$N$4,0))) -> 311000 | D59: =SUMIFS(op_Valor,op_Status,"Ganha",op_Consultor,CritConsultor,op_Fech,">="&Parâmetros!$M$28,op_Fech,"<="&EOMONTH(Parâmetros!$M$28,0)) -> 0 | E59: =IF(Parâmetros!$M$28>DataRef,"",IFERROR(D59/C59,0)) | F59: =IF(Parâmetros!$M$28>DataRef,"",D59-C59)
B60: Total do ano | C60: =SUM(C48:C59) -> 3855000 | D60: =SUM(D48:D59) -> 2754200 | E60: =IFERROR(D60/C60,0) -> 0.71444877
B62: Meses futuros mostram atingimento em branco. O ano inclui as metas de todos os meses, inclusive os que ainda não aconteceram.

Sheet Oportunidades
A1: Oportunidades
A2: Cada linha é uma oportunidade do CRM. Digite nas colunas azuis até a linha 604. Colunas pretas são fórmulas. Todos os dados são fictícios.
A4: ID | B4: Criação | C4: Cliente | D4: Consultor | E4: Região | F4: Produto | G4: Etapa | H4: Valor (R$) | I4: Prob. | J4: Ponderado (R$) | K4: Previsão de fechamento | L4: Fechamento | M4: Status | N4: Dias (aberta ou ciclo) | O4: Alerta
A5: OP-0001 | B5: 45931 | C5: Colégio Maristela | D5: Diego Rocha | E5: =IF(C5="","",IFERROR(INDEX(cl_Regiao,MATCH(C5,cl_Nome,0)),"")) -> Sudeste | F5: Material Complementar | G5: Fechado perdido | H5: 2000 | I5: =IF(G5="","",IFERROR(INDEX(pr_Prob,MATCH(G5,pr_Etapa,0)),0)) -> 0 | J5: =IF(H5="","",H5*I5) -> 0 | L5: 45997 | M5: =IF(G5="","",IF(G5="Fechado ganho","Ganha",IF(G5="Fechado perdido","Perdida","Aberta"))) -> Perdida | N5: =IF(B5="","",IF(M5="Aberta",DataRef-B5,IF(L5="","",L5-B5))) -> 66 | O5: =IF(M5<>"Aberta","",IF(AND(K5<>"",K5<DataRef),"Previsão vencida",IF(N5>DiasParada,"Parada","")))
A6: OP-0002 | B6: 45931 | C6: Cursinho Meta Certa | D6: Felipe Duarte | E6: =IF(C6="","",IFERROR(INDEX(cl_Regiao,MATCH(C6,cl_Nome,0)),"")) -> Norte | F6: Coleção Didática | G6: Fechado ganho | H6: 31500 | I6: =IF(G6="","",IFERROR(INDEX(pr_Prob,MATCH(G6,pr_Etapa,0)),0)) -> 1 | J6: =IF(H6="","",H6*I6) -> 31500 | L6: 45996 | M6: =IF(G6="","",IF(G6="Fechado ganho","Ganha",IF(G6="Fechado perdido","Perdida","Aberta"))) -> Ganha | N6: =IF(B6="","",IF(M6="Aberta",DataRef-B6,IF(L6="","",L6-B6))) -> 65 | O6: =IF(M6<>"Aberta","",IF(AND(K6<>"",K6<DataRef),"Previsão vencida",IF(N6>DiasParada,"Parada","")))
A7: OP-0003 | B7: 45932 | C7: Colégio Integral Plus | D7: Ana Souza | E7: =IF(C7="","",IFERROR(INDEX(cl_Regiao,MATCH(C7,cl_Nome,0)),"")) -> Sudeste | F7: Material Complementar | G7: Fechado ganho | H7: 10400 | I7: =IF(G7="","",IFERROR(INDEX(pr_Prob,MATCH(G7,pr_Etapa,0)),0)) -> 1 | J7: =IF(H7="","",H7*I7) -> 10400 | L7: 45962 | M7: =IF(G7="","",IF(G7="Fechado ganho","Ganha",IF(G7="Fechado perdido","Perdida","Aberta"))) -> Ganha | N7: =IF(B7="","",IF(M7="Aberta",DataRef-B7,IF(L7="","",L7-B7))) -> 30 | O7: =IF(M7<>"Aberta","",IF(AND(K7<>"",K7<DataRef),"Previsão vencida",IF(N7>DiasParada,"Parada","")))
A8: OP-0004 | B8: 45933 | C8: Prefeitura de Campo Alto | D8: Ana Souza | E8: =IF(C8="","",IFERROR(INDEX(cl_Regiao,MATCH(C8,cl_Nome,0)),"")) -> Sudeste | F8: Formação de Professores | G8: Fechado perdido | H8: 17200 | I8: =IF(G8="","",IFERROR(INDEX(pr_Prob,MATCH(G8,pr_Etapa,0)),0)) -> 0 | J8: =IF(H8="","",H8*I8) -> 0 | L8: 45993 | M8: =IF(G8="","",IF(G8="Fechado ganho","Ganha",IF(G8="Fechado perdido","Perdida","Aberta"))) -> Perdida | N8: =IF(B8="","",IF(M8="Aberta",DataRef-B8,IF(L8="","",L8-B8))) -> 60 | O8: =IF(M8<>"Aberta","",IF(AND(K8<>"",K8<DataRef),"Previsão vencida",IF(N8>DiasParada,"Parada","")))
A9: OP-0005 | B9: 45935 | C9: Colégio Maristela | D9: Diego Rocha | E9: =IF(C9="","",IFERROR(INDEX(cl_Regiao,MATCH(C9,cl_Nome,0)),"")) -> Sudeste | F9: Formação de Professores | G9: Proposta enviada | H9: 12400 | I9: =IF(G9="","",IFERROR(INDEX(pr_Prob,MATCH(G9,pr_Etapa,0)),0)) -> 0.5 | J9: =IF(H9="","",H9*I9) -> 6200 | K9: 46028 | M9: =IF(G9="","",IF(G9="Fechado ganho","Ganha",IF(G9="Fechado perdido","Perdida","Aberta"))) -> Aberta | N9: =IF(B9="","",IF(M9="Aberta",DataRef-B9,IF(L9="","",L9-B9))) -> 373 | O9: =IF(M9<>"Aberta","",IF(AND(K9<>"",K9<DataRef),"Previsão vencida",IF(N9>DiasParada,"Parada",""))) -> Previsão vencida
A10: OP-0006 | B10: 45935 | C10: Rede Saber Mais | D10: Bruno Lima | E10: =IF(C10="","",IFERROR(INDEX(cl_Regiao,MATCH(C10,cl_Nome,0)),"")) -> Sul | F10: Plataforma Digital | G10: Fechado perdido | H10: 41800 | I10: =IF(G10="","",IFERROR(INDEX(pr_Prob,MATCH(G10,pr_Etapa,0)),0)) -> 0 | J10: =IF(H10="","",H10*I10) -> 0 | L10: 45947 | M10: =IF(G10="","",IF(G10="Fechado ganho","Ganha",IF(G10="Fechado perdido","Perdida","Aberta"))) -> Perdida | N10: =IF(B10="","",IF(M10="Aberta",DataRef-B10,IF(L10="","",L10-B10))) -> 12 | O10: =IF(M10<>"Aberta","",IF(AND(K10<>"",K10<DataRef),"Previsão vencida",IF(N10>DiasParada,"Parada","")))
A11: OP-0007 | B11: 45937 | C11: Escola Alicerce | D11: Elisa Prado | E11: =IF(C11="","",IFERROR(INDEX(cl_Regiao,MATCH(C11,cl_Nome,0)),"")) -> Centro-Oeste | F11: Formação de Professores | G11: Fechado ganho | H11: 12700 | I11: =IF(G11="","",IFERROR(INDEX(pr_Prob,MATCH(G11,pr_Etapa,0)),0)) -> 1 | J11: =IF(H11="","",H11*I11) -> 12700 | L11: 45991 | M11: =IF(G11="","",IF(G11="Fechado ganho","Ganha",IF(G11="Fechado perdido","Perdida","Aberta"))) -> Ganha | N11: =IF(B11="","",IF(M11="Aberta",DataRef-B11,IF(L11="","",L11-B11))) -> 54 | O11: =IF(M11<>"Aberta","",IF(AND(K11<>"",K11<DataRef),"Previsão vencida",IF(N11>DiasParada,"Parada","")))
A12: OP-0008 | B12: 45938 | C12: Prefeitura de Monte Belo | D12: Ana Souza | E12: =IF(C12="","",IFERROR(INDEX(cl_Regiao,MATCH(C12,cl_Nome,0)),"")) -> Sudeste | F12: Plataforma Digital | G12: Fechado ganho | H12: 56800 | I12: =IF(G12="","",IFERROR(INDEX(pr_Prob,MATCH(G12,pr_Etapa,0)),0)) -> 1 | J12: =IF(H12="","",H12*I12) -> 56800 | L12: 45962 | M12: =IF(G12="","",IF(G12="Fechado ganho","Ganha",IF(G12="Fechado perdido","Perdida","Aberta"))) -> Ganha | N12: =IF(B12="","",IF(M12="Aberta",DataRef-B12,IF(L12="","",L12-B12))) -> 24 | O12: =IF(M12<>"Aberta","",IF(AND(K12<>"",K12<DataRef),"Previsão vencida",IF(N12>DiasParada,"Parada","")))
A13: OP-0009 | B13: 45939 | C13: Colégio Aurora | D13: Ana Souza | E13: =IF(C13="","",IFERROR(INDEX(cl_Regiao,MATCH(C13,cl_Nome,0)),"")) -> Sudeste | F13: Coleção Didática | G13: Fechado ganho | H13: 8400 | I13: =IF(G13="","",IFERROR(INDEX(pr_Prob,MATCH(G13,pr_Etapa,0)),0)) -> 1 | J13: =IF(H13="","",H13*I13) -> 8400 | L13: 45967 | M13: =IF(G13="","",IF(G13="Fechado ganho","Ganha",IF(G13="Fechado perdido","Perdida","Aberta"))) -> Ganha | N13: =IF(B13="","",IF(M13="Aberta",DataRef-B13,IF(L13="","",L13-B13))) -> 28 | O13: =IF(M13<>"Aberta","",IF(AND(K13<>"",K13<DataRef),"Previsão vencida",IF(N13>DiasParada,"Parada","")))
A14: OP-0010 | B14: 45940 | C14: Colégio Estrela do Norte | D14: Felipe Duarte | E14: =IF(C14="","",IFERROR(INDEX(cl_Regiao,MATCH(C14,cl_Nome,0)),"")) -> Norte | F14: Coleção Didática | G14: Fechado perdido | H14: 52900 | I14: =IF(G14="","",IFERROR(INDEX(pr_Prob,MATCH(G14,pr_Etapa,0)),0)) -> 0 | J14: =IF(H14="","",H14*I14) -> 0 | L14: 45957 | M14: =IF(G14="","",IF(G14="Fechado ganho","Ganha",IF(G14="Fechado perdido","Perdida","Aberta"))) -> Perdida | N14: =IF(B14="","",IF(M14="Aberta",DataRef-B14,IF(L14="","",L14-B14))) -> 17 | O14: =IF(M14<>"Aberta","",IF(AND(K14<>"",K14<DataRef),"Previsão vencida",IF(N14>DiasParada,"Parada","")))
A15: OP-0011 | B15: 45940 | C15: Colégio Ipê Amarelo | D15: Elisa Prado | E15: =IF(C15="","",IFERROR(INDEX(cl_Regiao,MATCH(C15,cl_Nome,0)),"")) -> Centro-Oeste | F15: Formação de Professores | G15: Fechado ganho | H15: 7700 | I15: =IF(G15="","",IFERROR(INDEX(pr_Prob,MATCH(G15,pr_Etapa,0)),0)) -> 1 | J15: =IF(H15="","",H15*I15) -> 7700 | L15: 45975 | M15: =IF(G15="","",IF(G15="Fechado ganho","Ganha",IF(G15="Fechado perdido","Perdida","Aberta"))) -> Ganha | N15: =IF(B15="","",IF(M15="Aberta",DataRef-B15,IF(L15="","",L15-B15))) -> 35 | O15: =IF(M15<>"Aberta","",IF(AND(K15<>"",K15<DataRef),"Previsão vencida",IF(N15>DiasParada,"Parada","")))
A16: OP-0012 | B16: 45940 | C16: Rede Primeiros Passos | D16: Diego Rocha | E16: =IF(C16="","",IFERROR(INDEX(cl_Regiao,MATCH(C16,cl_Nome,0)),"")) -> Sudeste | F16: Coleção Didática | G16: Fechado ganho | H16: 77800 | I16: =IF(G16="","",IFERROR(INDEX(pr_Prob,MATCH(G16,pr_Etapa,0)),0)) -> 1 | J16: =IF(H16="","",H16*I16) -> 77800 | L16: 45977 | M16: =IF(G16="","",IF(G16="Fechado ganho","Ganha",IF(G16="Fechado perdido","Perdida","Aberta"))) -> Ganha | N16: =IF(B16="","",IF(M16="Aberta",DataRef-B16,IF(L16="","",L16-B16))) -> 37 | O16: =IF(M16<>"Aberta","",IF(AND(K16<>"",K16<DataRef),"Previsão vencida",IF(N16>DiasParada,"Parada","")))
A17: OP-0013 | B17: 45942 | C17: Rede Saber Mais | D17: Bruno Lima | E17: =IF(C17="","",IFERROR(INDEX(cl_Regiao,MATCH(C17,cl_Nome,0)),"")) -> Sul | F17: Coleção Didática | G17: Fechado perdido | H17: 25400 | I17: =IF(G17="","",IFERROR(INDEX(pr_Prob,MATCH(G17,pr_Etapa,0)),0)) -> 0 | J17: =IF(H17="","",H17*I17) -> 0 | L17: 45994 | M17: =IF(G17="","",IF(G17="Fechado ganho","Ganha",IF(G17="Fechado perdido","Perdida","Aberta"))) -> Perdida | N17: =IF(B17="","",IF(M17="Aberta",DataRef-B17,IF(L17="","",L17-B17))) -> 52 | O17: =IF(M17<>"Aberta","",IF(AND(K17<>"",K17<DataRef),"Previsão vencida",IF(N17>DiasParada,"Parada","")))
A18: OP-0014 | B18: 45943 | C18: Rede Primeiros Passos | D18: Diego Rocha | E18: =IF(C18="","",IFERROR(INDEX(cl_Regiao,MATCH(C18,cl_Nome,0)),"")) -> Sudeste | F18: Material Complementar | G18: Fechado ganho | H18: 12000 | I18: =IF(G18="","",IFERROR(INDEX(pr_Prob,MATCH(G18,pr_Etapa,0)),0)) -> 1 | J18: =IF(H18="","",H18*I18) -> 12000 | L18: 46009 | M18: =IF(G18="","",IF(G18="Fechado ganho","Ganha",IF(G18="Fechado perdido","Perdida","Aberta"))) -> Ganha | N18: =IF(B18="","",IF(M18="Aberta",DataRef-B18,IF(L18="","",L18-B18))) -> 66 | O18: =IF(M18<>"Aberta","",IF(AND(K18<>"",K18<DataRef),"Previsão vencida",IF(N18>DiasParada,"Parada","")))
A19: OP-0015 | B19: 45945 | C19: Centro Educacional Pioneiro | D19: Felipe Duarte | E19: =IF(C19="","",IFERROR(INDEX(cl_Regiao,MATCH(C19,cl_Nome,0)),"")) -> Norte | F19: Material Complementar | G19: Fechado perdido | H19: 7100 | I19: =IF(G19="","",IFERROR(INDEX(pr_Prob,MATCH(G19,pr_Etapa,0)),0)) -> 0 | J19: =IF(H19="","",H19*I19) -> 0 | L19: 45969 | M19: =IF(G19="","",IF(G19="Fechado ganho","Ganha",IF(G19="Fechado perdido","Perdida","Aberta"))) -> Perdida | N19: =IF(B19="","",IF(M19="Aberta",DataRef-B19,IF(L19="","",L19-B19))) -> 24 | O19: =IF(M19<>"Aberta","",IF(AND(K19<>"",K19<DataRef),"Previsão vencida",IF(N19>DiasParada,"Parada","")))
A20: OP-0016 | B20: 45945 | C20: Colégio Estrela do Norte | D20: Felipe Duarte | E20: =IF(C20="","",IFERROR(INDEX(cl_Regiao,MATCH(C20,cl_Nome,0)),"")) -> Norte | F20: Formação de Professores | G20: Fechado ganho | H20: 8100 | I20: =IF(G20="","",IFERROR(INDEX(pr_Prob,MATCH(G20,pr_Etapa,0)),0)) -> 1 | J20: =IF(H20="","",H20*I20) -> 8100 | L20: 46007 | M20: =IF(G20="","",IF(G20="Fechado ganho","Ganha",IF(G20="Fechado perdido","Perdida","Aberta"))) -> Ganha | N20: =IF(B20="","",IF(M20="Aberta",DataRef-B20,IF(L20="","",L20-B20))) -> 62 | O20: =IF(M20<>"Aberta","",IF(AND(K20<>"",K20<DataRef),"Previsão vencida",IF(N20>DiasParada,"Parada","")))
A21: OP-0017 | B21: 45946 | C21: Instituto Novo Rumo | D21: Diego Rocha | E21: =IF(C21="","",IFERROR(INDEX(cl_Regiao,MATCH(C21,cl_Nome,0)),"")) -> Sudeste | F21: Plataforma Digital | G21: Fechado perdido | H21: 33700 | I21: =IF(G21="","",IFERROR(INDEX(pr_Prob,MATCH(G21,pr_Etapa,0)),0)) -> 0 | J21: =IF(H21="","",H21*I21) -> 0 | L21: 46018 | M21: =IF(G21="","",IF(G21="Fechado ganho","Ganha",IF(G21="Fechado perdido","Perdida","Aberta"))) -> Perdida | N21: =IF(B21="","",IF(M21="Aberta",DataRef-B21,IF(L21="","",L21-B21))) -> 72 | O21: =IF(M21<>"Aberta","",IF(AND(K21<>"",K21<DataRef),"Previsão vencida",IF(N21>DiasParada,"Parada","")))
... A26: OP-0022 | B26: 45950 | C26: Escola Girassol | D26: Bruno Lima | E26: =IF(C26="","",IFERROR(INDEX(cl_Regiao,MATCH(C26,cl_Nome,0)),"")) -> Sul | F26: Material Complementar | G26: Fechado ganho | H26: 11900 | I26: =IF(G26="","",IFERROR(INDEX(pr_Prob,MATCH(G26,pr_Etapa,0)),0)) -> 1 | J26: =IF(H26="","",H26*I26) -> 11900 | L26: 45962 | M26: =IF(G26="","",IF(G26="Fechado ganho","Ganha",IF(G26="Fechado perdido","Perdida","Aberta"))) -> Ganha | N26: =IF(B26="","",IF(M26="Aberta",DataRef-B26,IF(L26="","",L26-B26))) -> 12 | O26: =IF(M26<>"Aberta","",IF(AND(K26<>"",K26<DataRef),"Previsão vencida",IF(N26>DiasParada,"Parada","")))
A27: OP-0023 | B27: 45954 | C27: Colégio Estrela do Norte | D27: Felipe Duarte | E27: =IF(C27="","",IFERROR(INDEX(cl_Regiao,MATCH(C27,cl_Nome,0)),"")) -> Norte | F27: Material Complementar | G27: Proposta enviada | H27: 2800 | I27: =IF(G27="","",IFERROR(INDEX(pr_Prob,MATCH(G27,pr_Etapa,0)),0)) -> 0.5 | J27: =IF(H27="","",H27*I27) -> 1400 | K27: 46030 | M27: =IF(G27="","",IF(G27="Fechado ganho","Ganha",IF(G27="Fechado perdido","Perdida","Aberta"))) -> Aberta | N27: =IF(B27="","",IF(M27="Aberta",DataRef-B27,IF(L27="","",L27-B27))) -> 354 | O27: =IF(M27<>"Aberta","",IF(AND(K27<>"",K27<DataRef),"Previsão vencida",IF(N27>DiasParada,"Parada",""))) -> Previsão vencida
A28: OP-0024 | B28: 45955 | C28: Escola Árvore da Vida | D28: Elisa Prado | E28: =IF(C28="","",IFERROR(INDEX(cl_Regiao,MATCH(C28,cl_Nome,0)),"")) -> Centro-Oeste | F28: Formação de Professores | G28: Fechado ganho | H28: 10500 | I28: =IF(G28="","",IFERROR(INDEX(pr_Prob,MATCH(G28,pr_Etapa,0)),0)) -> 1 | J28: =IF(H28="","",H28*I28) -> 10500 | L28: 45992 | M28: =IF(G28="","",IF(G28="Fechado ganho","Ganha",IF(G28="Fechado perdido","Perdida","Aberta"))) -> Ganha | N28: =IF(B28="","",IF(M28="Aberta",DataRef-B28,IF(L28="","",L28-B28))) -> 37 | O28: =IF(M28<>"Aberta","",IF(AND(K28<>"",K28<DataRef),"Previsão vencida",IF(N28>DiasParada,"Parada","")))
A29: OP-0025 | B29: 45957 | C29: Cursinho Meta Certa | D29: Felipe Duarte | E29: =IF(C29="","",IFERROR(INDEX(cl_Regiao,MATCH(C29,cl_Nome,0)),"")) -> Norte | F29: Coleção Didática | G29: Fechado ganho | H29: 27900 | I29: =IF(G29="","",IFERROR(INDEX(pr_Prob,MATCH(G29,pr_Etapa,0)),0)) -> 1 | J29: =IF(H29="","",H29*I29) -> 27900 | L29: 46008 | M29: =IF(G29="","",IF(G29="Fechado ganho","Ganha",IF(G29="Fechado perdido","Perdida","Aberta"))) -> Ganha | N29: =IF(B29="","",IF(M29="Aberta",DataRef-B29,IF(L29="","",L29-B29))) -> 51 | O29: =IF(M29<>"Aberta","",IF(AND(K29<>"",K29<DataRef),"Previsão vencida",IF(N29>DiasParada,"Parada","")))
A30: OP-0026 | B30: 45957 | C30: Rede Primeiros Passos | D30: Diego Rocha | E30: =IF(C30="","",IFERROR(INDEX(cl_Regiao,MATCH(C30,cl_Nome,0)),"")) -> Sudeste | F30: Material Complementar | G30: Fechado perdido | H30: 7000 | I30: =IF(G30="","",IFERROR(INDEX(pr_Prob,MATCH(G30,pr_Etapa,0)),0)) -> 0 | J30: =IF(H30="","",H30*I30) -> 0 | L30: 46003 | M30: =IF(G30="","",IF(G30="Fechado ganho","Ganha",IF(G30="Fechado perdido","Perdida","Aberta"))) -> Perdida | N30: =IF(B30="","",IF(M30="Aberta",DataRef-B30,IF(L30="","",L30-B30))) -> 46 | O30: =IF(M30<>"Aberta","",IF(AND(K30<>"",K30<DataRef),"Previsão vencida",IF(N30>DiasParada,"Parada","")))
A31: OP-0027 | B31: 45959 | C31: Escola Caminho do Saber | D31: Elisa Prado | E31: =IF(C31="","",IFERROR(INDEX(cl_Regiao,MATCH(C31,cl_Nome,0)),"")) -> Centro-Oeste | F31: Coleção Didática | G31: Fechado ganho | H31: 9300 | I31: =IF(G31="","",IFERROR(INDEX(pr_Prob,MATCH(G31,pr_Etapa,0)),0)) -> 1 | J31: =IF(H31="","",H31*I31) -> 9300 | L31: 45986 | M31: =IF(G31="","",IF(G31="Fechado ganho","Ganha",IF(G31="Fechado perdido","Perdida","Aberta"))) -> Ganha | N31: =IF(B31="","",IF(M31="Aberta",DataRef-B31,IF(L31="","",L31-B31))) -> 27 | O31: =IF(M31<>"Aberta","",IF(AND(K31<>"",K31<DataRef),"Previsão vencida",IF(N31>DiasParada,"Parada","")))
A32: OP-0028 | B32: 45959 | C32: Instituto Aprender+ | D32: Carla Mendes | E32: =IF(C32="","",IFERROR(INDEX(cl_Regiao,MATCH(C32,cl_Nome,0)),"")) -> Nordeste | F32: Coleção Didática | G32: Fechado ganho | H32: 94700 | I32: =IF(G32="","",IFERROR(INDEX(pr_Prob,MATCH(G32,pr_Etapa,0)),0)) -> 1 | J32: =IF(H32="","",H32*I32) -> 94700 | L32: 46011 | M32: =IF(G32="","",IF(G32="Fechado ganho","Ganha",IF(G32="Fechado perdido","Perdida","Aberta"))) -> Ganha | N32: =IF(B32="","",IF(M32="Aberta",DataRef-B32,IF(L32="","",L32-B32))) -> 52 | O32: =IF(M32<>"Aberta","",IF(AND(K32<>"",K32<DataRef),"Previsão vencida",IF(N32>DiasParada,"Parada","")))
A33: OP-0029 | B33: 45959 | C33: Prefeitura de Monte Belo | D33: Ana Souza | E33: =IF(C33="","",IFERROR(INDEX(cl_Regiao,MATCH(C33,cl_Nome,0)),"")) -> Sudeste | F33: Material Complementar | G33: Fechado ganho | H33: 5600 | I33: =IF(G33="","",IFERROR(INDEX(pr_Prob,MATCH(G33,pr_Etapa,0)),0)) -> 1 | J33: =IF(H33="","",H33*I33) -> 5600 | L33: 46031 | M33: =IF(G33="","",IF(G33="Fechado ganho","Ganha",IF(G33="Fechado perdido","Perdida","Aberta"))) -> Ganha | N33: =IF(B33="","",IF(M33="Aberta",DataRef-B33,IF(L33="","",L33-B33))) -> 72 | O33: =IF(M33<>"Aberta","",IF(AND(K33<>"",K33<DataRef),"Previsão vencida",IF(N33>DiasParada,"Parada","")))
A34: OP-0030 | B34: 45960 | C34: Escola Nova Era | D34: Bruno Lima | E34: =IF(C34="","",IFERROR(INDEX(cl_Regiao,MATCH(C34,cl_Nome,0)),"")) -> Sul | F34: Material Complementar | G34: Fechado perdido | H34: 5100 | I34: =IF(G34="","",IFERROR(INDEX(pr_Prob,MATCH(G34,pr_Etapa,0)),0)) -> 0 | J34: =IF(H34="","",H34*I34) -> 0 | L34: 46004 | M34: =IF(G34="","",IF(G34="Fechado ganho","Ganha",IF(G34="Fechado perdido","Perdida","Aberta"))) -> Perdida | N34: =IF(B34="","",IF(M34="Aberta",DataRef-B34,IF(L34="","",L34-B34))) -> 44 | O34: =IF(M34<>"Aberta","",IF(AND(K34<>"",K34<DataRef),"Previsão vencida",IF(N34>DiasParada,"Parada","")))
A35: OP-0031 | B35: 45961 | C35: Centro Educacional Pioneiro | D35: Felipe Duarte | E35: =IF(C35="","",IFERROR(INDEX(cl_Regiao,MATCH(C35,cl_Nome,0)),"")) -> Norte | F35: Coleção Didática | G35: Fechado ganho | H35: 40300 | I35: =IF(G35="","",IFERROR(INDEX(pr_Prob,MATCH(G35,pr_Etapa,0)),0)) -> 1 | J35: =IF(H35="","",H35*I35) -> 40300 | L35: 46037 | M35: =IF(G35="","",IF(G35="Fechado ganho","Ganha",IF(G35="Fechado perdido","Perdida","Aberta"))) -> Ganha | N35: =IF(B35="","",IF(M35="Aberta",DataRef-B35,IF(L35="","",L35-B35))) -> 76 | O35: =IF(M35<>"Aberta","",IF(AND(K35<>"",K35<DataRef),"Previsão vencida",IF(N35>DiasParada,"Parada","")))
A36: OP-0032 | B36: 45961 | C36: Colégio Lumiar | D36: Carla Mendes | E36: =IF(C36="","",IFERROR(INDEX(cl_Regiao,MATCH(C36,cl_Nome,0)),"")) -> Nordeste | F36: Material Complementar | G36: Fechado perdido | H36: 10700 | I36: =IF(G36="","",IFERROR(INDEX(pr_Prob,MATCH(G36,pr_Etapa,0)),0)) -> 0 | J36: =IF(H36="","",H36*I36) -> 0 | L36: 46011 | M36: =IF(G36="","",IF(G36="Fechado ganho","Ganha",IF(G36="Fechado perdido","Perdida","Aberta"))) -> Perdida | N36: =IF(B36="","",IF(M36="Aberta",DataRef-B36,IF(L36="","",L36-B36))) -> 50 | O36: =IF(M36<>"Aberta","",IF(AND(K36<>"",K36<DataRef),"Previsão vencida",IF(N36>DiasParada,"Parada","")))
A37: OP-0033 | B37: 45962 | C37: Rede Primeiros Passos | D37: Diego Rocha | E37: =IF(C37="","",IFERROR(INDEX(cl_Regiao,MATCH(C37,cl_Nome,0)),"")) -> Sudeste | F37: Material Complementar | G37: Fechado ganho | H37: 13700 | I37: =IF(G37="","",IFERROR(INDEX(pr_Prob,MATCH(G37,pr_Etapa,0)),0)) -> 1 | J37: =IF(H37="","",H37*I37) -> 13700 | L37: 46006 | M37: =IF(G37="","",IF(G37="Fechado ganho","Ganha",IF(G37="Fechado perdido","Perdida","Aberta"))) -> Ganha | N37: =IF(B37="","",IF(M37="Aberta",DataRef-B37,IF(L37="","",L37-B37))) -> 44 | O37: =IF(M37<>"Aberta","",IF(AND(K37<>"",K37<DataRef),"Previsão vencida",IF(N37>DiasParada,"Parada","")))
A38: OP-0034 | B38: 45963 | C38: Instituto Novo Rumo | D38: Diego Rocha | E38: =IF(C38="","",IFERROR(INDEX(cl_Regiao,MATCH(C38,cl_Nome,0)),"")) -> Sudeste | F38: Material Complementar | G38: Fechado ganho | H38: 22500 | I38: =IF(G38="","",IFERROR(INDEX(pr_Prob,MATCH(G38,pr_Etapa,0)),0)) -> 1 | J38: =IF(H38="","",H38*I38) -> 22500 | L38: 45987 | M38: =IF(G38="","",IF(G38="Fechado ganho","Ganha",IF(G38="Fechado perdido","Perdida","Aberta"))) -> Ganha | N38: =IF(B38="","",IF(M38="Aberta",DataRef-B38,IF(L38="","",L38-B38))) -> 24 | O38: =IF(M38<>"Aberta","",IF(AND(K38<>"",K38<DataRef),"Previsão vencida",IF(N38>DiasParada,"Parada","")))
A39: OP-0035 | B39: 45963 | C39: Prefeitura de Vila Nova | D39: Felipe Duarte | E39: =IF(C39="","",IFERROR(INDEX(cl_Regiao,MATCH(C39,cl_Nome,0)),"")) -> Norte | F39: Formação de Professores | G39: Fechado perdido | H39: 12500 | I39: =IF(G39="","",IFERROR(INDEX(pr_Prob,MATCH(G39,pr_Etapa,0)),0)) -> 0 | J39: =IF(H39="","",H39*I39) -> 0 | L39: 46001 | M39: =IF(G39="","",IF(G39="Fechado ganho","Ganha",IF(G39="Fechado perdido","Perdida","Aberta"))) -> Perdida | N39: =IF(B39="","",IF(M39="Aberta",DataRef-B39,IF(L39="","",L39-B39))) -> 38 | O39: =IF(M39<>"Aberta","",IF(AND(K39<>"",K39<DataRef),"Previsão vencida",IF(N39>DiasParada,"Parada","")))
... A80: OP-0076 | B80: 46007 | C80: Colégio Santa Clara | D80: Diego Rocha | E80: =IF(C80="","",IFERROR(INDEX(cl_Regiao,MATCH(C80,cl_Nome,0)),"")) -> Sudeste | F80: Formação de Professores | G80: Fechado perdido | H80: 7200 | I80: =IF(G80="","",IFERROR(INDEX(pr_Prob,MATCH(G80,pr_Etapa,0)),0)) -> 0 | J80: =IF(H80="","",H80*I80) -> 0 | L80: 46080 | M80: =IF(G80="","",IF(G80="Fechado ganho","Ganha",IF(G80="Fechado perdido","Perdida","Aberta"))) -> Perdida | N80: =IF(B80="","",IF(M80="Aberta",DataRef-B80,IF(L80="","",L80-B80))) -> 73 | O80: =IF(M80<>"Aberta","",IF(AND(K80<>"",K80<DataRef),"Previsão vencida",IF(N80>DiasParada,"Parada","")))
A81: OP-0077 | B81: 46007 | C81: Prefeitura de Vila Nova | D81: Felipe Duarte | E81: =IF(C81="","",IFERROR(INDEX(cl_Regiao,MATCH(C81,cl_Nome,0)),"")) -> Norte | F81: Material Complementar | G81: Qualificação | H81: 15200 | I81: =IF(G81="","",IFERROR(INDEX(pr_Prob,MATCH(G81,pr_Etapa,0)),0)) -> 0.25 | J81: =IF(H81="","",H81*I81) -> 3800 | K81: 46060 | M81: =IF(G81="","",IF(G81="Fechado ganho","Ganha",IF(G81="Fechado perdido","Perdida","Aberta"))) -> Aberta | N81: =IF(B81="","",IF(M81="Aberta",DataRef-B81,IF(L81="","",L81-B81))) -> 301 | O81: =IF(M81<>"Aberta","",IF(AND(K81<>"",K81<DataRef),"Previsão vencida",IF(N81>DiasParada,"Parada",""))) -> Previsão vencida
A82: OP-0078 | B82: 46008 | C82: Escola Girassol | D82: Bruno Lima | E82: =IF(C82="","",IFERROR(INDEX(cl_Regiao,MATCH(C82,cl_Nome,0)),"")) -> Sul | F82: Material Complementar | G82: Fechado perdido | H82: 7700 | I82: =IF(G82="","",IFERROR(INDEX(pr_Prob,MATCH(G82,pr_Etapa,0)),0)) -> 0 | J82: =IF(H82="","",H82*I82) -> 0 | L82: 46049 | M82: =IF(G82="","",IF(G82="Fechado ganho","Ganha",IF(G82="Fechado perdido","Perdida","Aberta"))) -> Perdida | N82: =IF(B82="","",IF(M82="Aberta",DataRef-B82,IF(L82="","",L82-B82))) -> 41 | O82: =IF(M82<>"Aberta","",IF(AND(K82<>"",K82<DataRef),"Previsão vencida",IF(N82>DiasParada,"Parada","")))
A83: OP-0079 | B83: 46008 | C83: Escola Nova Era | D83: Bruno Lima | E83: =IF(C83="","",IFERROR(INDEX(cl_Regiao,MATCH(C83,cl_Nome,0)),"")) -> Sul | F83: Formação de Professores | G83: Fechado perdido | H83: 4700 | I83: =IF(G83="","",IFERROR(INDEX(pr_Prob,MATCH(G83,pr_Etapa,0)),0)) -> 0 | J83: =IF(H83="","",H83*I83) -> 0 | L83: 46033 | M83: =IF(G83="","",IF(G83="Fechado ganho","Ganha",IF(G83="Fechado perdido","Perdida","Aberta"))) -> Perdida | N83: =IF(B83="","",IF(M83="Aberta",DataRef-B83,IF(L83="","",L83-B83))) -> 25 | O83: =IF(M83<>"Aberta","",IF(AND(K83<>"",K83<DataRef),"Previsão vencida",IF(N83>DiasParada,"Parada","")))
A84: OP-0080 | B84: 46010 | C84: Colégio Aurora | D84: Ana Souza | E84: =IF(C84="","",IFERROR(INDEX(cl_Regiao,MATCH(C84,cl_Nome,0)),"")) -> Sudeste | F84: Formação de Professores | G84: Fechado ganho | H84: 11200 | I84: =IF(G84="","",IFERROR(INDEX(pr_Prob,MATCH(G84,pr_Etapa,0)),0)) -> 1 | J84: =IF(H84="","",H84*I84) -> 11200 | L84: 46043 | M84: =IF(G84="","",IF(G84="Fechado ganho","Ganha",IF(G84="Fechado perdido","Perdida","Aberta"))) -> Ganha | N84: =IF(B84="","",IF(M84="Aberta",DataRef-B84,IF(L84="","",L84-B84))) -> 33 | O84: =IF(M84<>"Aberta","",IF(AND(K84<>"",K84<DataRef),"Previsão vencida",IF(N84>DiasParada,"Parada","")))
A85: OP-0081 | B85: 46011 | C85: Colégio Integral Plus | D85: Ana Souza | E85: =IF(C85="","",IFERROR(INDEX(cl_Regiao,MATCH(C85,cl_Nome,0)),"")) -> Sudeste | F85: Material Complementar | G85: Fechado perdido | H85: 8600 | I85: =IF(G85="","",IFERROR(INDEX(pr_Prob,MATCH(G85,pr_Etapa,0)),0)) -> 0 | J85: =IF(H85="","",H85*I85) -> 0 | L85: 46038 | M85: =IF(G85="","",IF(G85="Fechado ganho","Ganha",IF(G85="Fechado perdido","Perdida","Aberta"))) -> Perdida | N85: =IF(B85="","",IF(M85="Aberta",DataRef-B85,IF(L85="","",L85-B85))) -> 27 | O85: =IF(M85<>"Aberta","",IF(AND(K85<>"",K85<DataRef),"Previsão vencida",IF(N85>DiasParada,"Parada","")))
A86: OP-0082 | B86: 46012 | C86: Rede Primeiros Passos | D86: Diego Rocha | E86: =IF(C86="","",IFERROR(INDEX(cl_Regiao,MATCH(C86,cl_Nome,0)),"")) -> Sudeste | F86: Material Complementar | G86: Fechado perdido | H86: 4000 | I86: =IF(G86="","",IFERROR(INDEX(pr_Prob,MATCH(G86,pr_Etapa,0)),0)) -> 0 | J86: =IF(H86="","",H86*I86) -> 0 | L86: 46038 | M86: =IF(G86="","",IF(G86="Fechado ganho","Ganha",IF(G86="Fechado perdido","Perdida","Aberta"))) -> Perdida | N86: =IF(B86="","",IF(M86="Aberta",DataRef-B86,IF(L86="","",L86-B86))) -> 26 | O86: =IF(M86<>"Aberta","",IF(AND(K86<>"",K86<DataRef),"Previsão vencida",IF(N86>DiasParada,"Parada","")))
A87: OP-0083 | B87: 46015 | C87: Colégio Vale Verde | D87: Ana Souza | E87: =IF(C87="","",IFERROR(INDEX(cl_Regiao,MATCH(C87,cl_Nome,0)),"")) -> Sudeste | F87: Material Complementar | G87: Fechado perdido | H87: 9800 | I87: =IF(G87="","",IFERROR(INDEX(pr_Prob,MATCH(G87,pr_Etapa,0)),0)) -> 0 | J87: =IF(H87="","",H87*I87) -> 0 | L87: 46032 | M87: =IF(G87="","",IF(G87="Fechado ganho","Ganha",IF(G87="Fechado perdido","Perdida","Aberta"))) -> Perdida | N87: =IF(B87="","",IF(M87="Aberta",DataRef-B87,IF(L87="","",L87-B87))) -> 17 | O87: =IF(M87<>"Aberta","",IF(AND(K87<>"",K87<DataRef),"Previsão vencida",IF(N87>DiasParada,"Parada","")))
A88: OP-0084 | B88: 46016 | C88: Rede Sol Nascente | D88: Carla Mendes | E88: =IF(C88="","",IFERROR(INDEX(cl_Regiao,MATCH(C88,cl_Nome,0)),"")) -> Nordeste | F88: Coleção Didática | G88: Fechado perdido | H88: 64900 | I88: =IF(G88="","",IFERROR(INDEX(pr_Prob,MATCH(G88,pr_Etapa,0)),0)) -> 0 | J88: =IF(H88="","",H88*I88) -> 0 | L88: 46078 | M88: =IF(G88="","",IF(G88="Fechado ganho","Ganha",IF(G88="Fechado perdido","Perdida","Aberta"))) -> Perdida | N88: =IF(B88="","",IF(M88="Aberta",DataRef-B88,IF(L88="","",L88-B88))) -> 62 | O88: =IF(M88<>"Aberta","",IF(AND(K88<>"",K88<DataRef),"Previsão vencida",IF(N88>DiasParada,"Parada","")))
A89: OP-0085 | B89: 46017 | C89: Colégio Maristela | D89: Diego Rocha | E89: =IF(C89="","",IFERROR(INDEX(cl_Regiao,MATCH(C89,cl_Nome,0)),"")) -> Sudeste | F89: Formação de Professores | G89: Fechado perdido | H89: 11300 | I89: =IF(G89="","",IFERROR(INDEX(pr_Prob,MATCH(G89,pr_Etapa,0)),0)) -> 0 | J89: =IF(H89="","",H89*I89) -> 0 | L89: 46066 | M89: =IF(G89="","",IF(G89="Fechado ganho","Ganha",IF(G89="Fechado perdido","Perdida","Aberta"))) -> Perdida | N89: =IF(B89="","",IF(M89="Aberta",DataRef-B89,IF(L89="","",L89-B89))) -> 49 | O89: =IF(M89<>"Aberta","",IF(AND(K89<>"",K89<DataRef),"Previsão vencida",IF(N89>DiasParada,"Parada","")))
A90: OP-0086 | B90: 46017 | C90: Instituto Aprender+ | D90: Carla Mendes | E90: =IF(C90="","",IFERROR(INDEX(cl_Regiao,MATCH(C90,cl_Nome,0)),"")) -> Nordeste | F90: Material Complementar | G90: Fechado ganho | H90: 7000 | I90: =IF(G90="","",IFERROR(INDEX(pr_Prob,MATCH(G90,pr_Etapa,0)),0)) -> 1 | J90: =IF(H90="","",H90*I90) -> 7000 | L90: 46033 | M90: =IF(G90="","",IF(G90="Fechado ganho","Ganha",IF(G90="Fechado perdido","Perdida","Aberta"))) -> Ganha | N90: =IF(B90="","",IF(M90="Aberta",DataRef-B90,IF(L90="","",L90-B90))) -> 16 | O90: =IF(M90<>"Aberta","",IF(AND(K90<>"",K90<DataRef),"Previsão vencida",IF(N90>DiasParada,"Parada","")))
A91: OP-0087 | B91: 46018 | C91: Escola Alicerce | D91: Elisa Prado | E91: =IF(C91="","",IFERROR(INDEX(cl_Regiao,MATCH(C91,cl_Nome,0)),"")) -> Centro-Oeste | F91: Material Complementar | G91: Fechado ganho | H91: 7300 | I91: =IF(G91="","",IFERROR(INDEX(pr_Prob,MATCH(G91,pr_Etapa,0)),0)) -> 1 | J91: =IF(H91="","",H91*I91) -> 7300 | L91: 46031 | M91: =IF(G91="","",IF(G91="Fechado ganho","Ganha",IF(G91="Fechado perdido","Perdida","Aberta"))) -> Ganha | N91: =IF(B91="","",IF(M91="Aberta",DataRef-B91,IF(L91="","",L91-B91))) -> 13 | O91: =IF(M91<>"Aberta","",IF(AND(K91<>"",K91<DataRef),"Previsão vencida",IF(N91>DiasParada,"Parada","")))
A92: OP-0088 | B92: 46018 | C92: Instituto Horizonte | D92: Carla Mendes | E92: =IF(C92="","",IFERROR(INDEX(cl_Regiao,MATCH(C92,cl_Nome,0)),"")) -> Nordeste | F92: Coleção Didática | G92: Fechado perdido | H92: 94500 | I92: =IF(G92="","",IFERROR(INDEX(pr_Prob,MATCH(G92,pr_Etapa,0)),0)) -> 0 | J92: =IF(H92="","",H92*I92) -> 0 | L92: 46051 | M92: =IF(G92="","",IF(G92="Fechado ganho","Ganha",IF(G92="Fechado perdido","Perdida","Aberta"))) -> Perdida | N92: =IF(B92="","",IF(M92="Aberta",DataRef-B92,IF(L92="","",L92-B92))) -> 33 | O92: =IF(M92<>"Aberta","",IF(AND(K92<>"",K92<DataRef),"Previsão vencida",IF(N92>DiasParada,"Parada","")))
A93: OP-0089 | B93: 46019 | C93: Escola Nova Era | D93: Bruno Lima | E93: =IF(C93="","",IFERROR(INDEX(cl_Regiao,MATCH(C93,cl_Nome,0)),"")) -> Sul | F93: Coleção Didática | G93: Fechado perdido | H93: 48700 | I93: =IF(G93="","",IFERROR(INDEX(pr_Prob,MATCH(G93,pr_Etapa,0)),0)) -> 0 | J93: =IF(H93="","",H93*I93) -> 0 | L93: 46088 | M93: =IF(G93="","",IF(G93="Fechado ganho","Ganha",IF(G93="Fechado perdido","Perdida","Aberta"))) -> Perdida | N93: =IF(B93="","",IF(M93="Aberta",DataRef-B93,IF(L93="","",L93-B93))) -> 69 | O93: =IF(M93<>"Aberta","",IF(AND(K93<>"",K93<DataRef),"Previsão vencida",IF(N93>DiasParada,"Parada","")))
... A207: OP-0203 | B207: 46157 | C207: Prefeitura de Monte Belo | D207: Ana Souza | E207: =IF(C207="","",IFERROR(INDEX(cl_Regiao,MATCH(C207,cl_Nome,0)),"")) -> Sudeste | F207: Material Complementar | G207: Fechado perdido | H207: 7100 | I207: =IF(G207="","",IFERROR(INDEX(pr_Prob,MATCH(G207,pr_Etapa,0)),0)) -> 0 | J207: =IF(H207="","",H207*I207) -> 0 | L207: 46208 | M207: =IF(G207="","",IF(G207="Fechado ganho","Ganha",IF(G207="Fechado perdido","Perdida","Aberta"))) -> Perdida | N207: =IF(B207="","",IF(M207="Aberta",DataRef-B207,IF(L207="","",L207-B207))) -> 51 | O207: =IF(M207<>"Aberta","",IF(AND(K207<>"",K207<DataRef),"Previsão vencida",IF(N207>DiasParada,"Parada","")))
A208: OP-0204 | B208: 46158 | C208: Instituto Aprender+ | D208: Carla Mendes | E208: =IF(C208="","",IFERROR(INDEX(cl_Regiao,MATCH(C208,cl_Nome,0)),"")) -> Nordeste | F208: Plataforma Digital | G208: Qualificação | H208: 26400 | I208: =IF(G208="","",IFERROR(INDEX(pr_Prob,MATCH(G208,pr_Etapa,0)),0)) -> 0.25 | J208: =IF(H208="","",H208*I208) -> 6600 | K208: 46272 | M208: =IF(G208="","",IF(G208="Fechado ganho","Ganha",IF(G208="Fechado perdido","Perdida","Aberta"))) -> Aberta | N208: =IF(B208="","",IF(M208="Aberta",DataRef-B208,IF(L208="","",L208-B208))) -> 150 | O208: =IF(M208<>"Aberta","",IF(AND(K208<>"",K208<DataRef),"Previsão vencida",IF(N208>DiasParada,"Parada",""))) -> Previsão vencida
A209: OP-0205 | B209: 46159 | C209: Prefeitura de Campo Alto | D209: Ana Souza | E209: =IF(C209="","",IFERROR(INDEX(cl_Regiao,MATCH(C209,cl_Nome,0)),"")) -> Sudeste | F209: Formação de Professores | G209: Fechado ganho | H209: 16300 | I209: =IF(G209="","",IFERROR(INDEX(pr_Prob,MATCH(G209,pr_Etapa,0)),0)) -> 1 | J209: =IF(H209="","",H209*I209) -> 16300 | L209: 46206 | M209: =IF(G209="","",IF(G209="Fechado ganho","Ganha",IF(G209="Fechado perdido","Perdida","Aberta"))) -> Ganha | N209: =IF(B209="","",IF(M209="Aberta",DataRef-B209,IF(L209="","",L209-B209))) -> 47 | O209: =IF(M209<>"Aberta","",IF(AND(K209<>"",K209<DataRef),"Previsão vencida",IF(N209>DiasParada,"Parada","")))
A210: OP-0206 | B210: 46159 | C210: Rede Sol Nascente | D210: Carla Mendes | E210: =IF(C210="","",IFERROR(INDEX(cl_Regiao,MATCH(C210,cl_Nome,0)),"")) -> Nordeste | F210: Coleção Didática | G210: Fechado perdido | H210: 19700 | I210: =IF(G210="","",IFERROR(INDEX(pr_Prob,MATCH(G210,pr_Etapa,0)),0)) -> 0 | J210: =IF(H210="","",H210*I210) -> 0 | L210: 46232 | M210: =IF(G210="","",IF(G210="Fechado ganho","Ganha",IF(G210="Fechado perdido","Perdida","Aberta"))) -> Perdida | N210: =IF(B210="","",IF(M210="Aberta",DataRef-B210,IF(L210="","",L210-B210))) -> 73 | O210: =IF(M210<>"Aberta","",IF(AND(K210<>"",K210<DataRef),"Previsão vencida",IF(N210>DiasParada,"Parada","")))
A211: OP-0207 | B211: 46161 | C211: Rede Primeiros Passos | D211: Diego Rocha | E211: =IF(C211="","",IFERROR(INDEX(cl_Regiao,MATCH(C211,cl_Nome,0)),"")) -> Sudeste | F211: Plataforma Digital | G211: Fechado ganho | H211: 37300 | I211: =IF(G211="","",IFERROR(INDEX(pr_Prob,MATCH(G211,pr_Etapa,0)),0)) -> 1 | J211: =IF(H211="","",H211*I211) -> 37300 | L211: 46239 | M211: =IF(G211="","",IF(G211="Fechado ganho","Ganha",IF(G211="Fechado perdido","Perdida","Aberta"))) -> Ganha | N211: =IF(B211="","",IF(M211="Aberta",DataRef-B211,IF(L211="","",L211-B211))) -> 78 | O211: =IF(M211<>"Aberta","",IF(AND(K211<>"",K211<DataRef),"Previsão vencida",IF(N211>DiasParada,"Parada","")))
A212: OP-0208 | B212: 46162 | C212: Colégio Aurora | D212: Ana Souza | E212: =IF(C212="","",IFERROR(INDEX(cl_Regiao,MATCH(C212,cl_Nome,0)),"")) -> Sudeste | F212: Coleção Didática | G212: Prospecção | H212: 19300 | I212: =IF(G212="","",IFERROR(INDEX(pr_Prob,MATCH(G212,pr_Etapa,0)),0)) -> 0.1 | J212: =IF(H212="","",H212*I212) -> 1930 | K212: 46222 | M212: =IF(G212="","",IF(G212="Fechado ganho","Ganha",IF(G212="Fechado perdido","Perdida","Aberta"))) -> Aberta | N212: =IF(B212="","",IF(M212="Aberta",DataRef-B212,IF(L212="","",L212-B212))) -> 146 | O212: =IF(M212<>"Aberta","",IF(AND(K212<>"",K212<DataRef),"Previsão vencida",IF(N212>DiasParada,"Parada",""))) -> Previsão vencida
A213: OP-0209 | B213: 46162 | C213: Prefeitura de Rio Claro do Sul | D213: Bruno Lima | E213: =IF(C213="","",IFERROR(INDEX(cl_Regiao,MATCH(C213,cl_Nome,0)),"")) -> Sul | F213: Material Complementar | G213: Fechado perdido | H213: 14900 | I213: =IF(G213="","",IFERROR(INDEX(pr_Prob,MATCH(G213,pr_Etapa,0)),0)) -> 0 | J213: =IF(H213="","",H213*I213) -> 0 | L213: 46219 | M213: =IF(G213="","",IF(G213="Fechado ganho","Ganha",IF(G213="Fechado perdido","Perdida","Aberta"))) -> Perdida | N213: =IF(B213="","",IF(M213="Aberta",DataRef-B213,IF(L213="","",L213-B213))) -> 57 | O213: =IF(M213<>"Aberta","",IF(AND(K213<>"",K213<DataRef),"Previsão vencida",IF(N213>DiasParada,"Parada","")))
A214: OP-0210 | B214: 46164 | C214: Colégio Maristela | D214: Diego Rocha | E214: =IF(C214="","",IFERROR(INDEX(cl_Regiao,MATCH(C214,cl_Nome,0)),"")) -> Sudeste | F214: Formação de Professores | G214: Fechado perdido | H214: 7300 | I214: =IF(G214="","",IFERROR(INDEX(pr_Prob,MATCH(G214,pr_Etapa,0)),0)) -> 0 | J214: =IF(H214="","",H214*I214) -> 0 | L214: 46201 | M214: =IF(G214="","",IF(G214="Fechado ganho","Ganha",IF(G214="Fechado perdido","Perdida","Aberta"))) -> Perdida | N214: =IF(B214="","",IF(M214="Aberta",DataRef-B214,IF(L214="","",L214-B214))) -> 37 | O214: =IF(M214<>"Aberta","",IF(AND(K214<>"",K214<DataRef),"Previsão vencida",IF(N214>DiasParada,"Parada","")))
A215: OP-0211 | B215: 46165 | C215: Colégio Santa Clara | D215: Diego Rocha | E215: =IF(C215="","",IFERROR(INDEX(cl_Regiao,MATCH(C215,cl_Nome,0)),"")) -> Sudeste | F215: Material Complementar | G215: Qualificação | H215: 5200 | I215: =IF(G215="","",IFERROR(INDEX(pr_Prob,MATCH(G215,pr_Etapa,0)),0)) -> 0.25 | J215: =IF(H215="","",H215*I215) -> 1300 | K215: 46262 | M215: =IF(G215="","",IF(G215="Fechado ganho","Ganha",IF(G215="Fechado perdido","Perdida","Aberta"))) -> Aberta | N215: =IF(B215="","",IF(M215="Aberta",DataRef-B215,IF(L215="","",L215-B215))) -> 143 | O215: =IF(M215<>"Aberta","",IF(AND(K215<>"",K215<DataRef),"Previsão vencida",IF(N215>DiasParada,"Parada",""))) -> Previsão vencida
A216: OP-0212 | B216: 46165 | C216: Cursinho Meta Certa | D216: Felipe Duarte | E216: =IF(C216="","",IFERROR(INDEX(cl_Regiao,MATCH(C216,cl_Nome,0)),"")) -> Norte | F216: Plataforma Digital | G216: Proposta enviada | H216: 3700 | I216: =IF(G216="","",IFERROR(INDEX(pr_Prob,MATCH(G216,pr_Etapa,0)),0)) -> 0.5 | J216: =IF(H216="","",H216*I216) -> 1850 | K216: 46239 | M216: =IF(G216="","",IF(G216="Fechado ganho","Ganha",IF(G216="Fechado perdido","Perdida","Aberta"))) -> Aberta | N216: =IF(B216="","",IF(M216="Aberta",DataRef-B216,IF(L216="","",L216-B216))) -> 143 | O216: =IF(M216<>"Aberta","",IF(AND(K216<>"",K216<DataRef),"Previsão vencida",IF(N216>DiasParada,"Parada",""))) -> Previsão vencida
A217: OP-0213 | B217: 46166 | C217: Escola Nova Era | D217: Bruno Lima | E217: =IF(C217="","",IFERROR(INDEX(cl_Regiao,MATCH(C217,cl_Nome,0)),"")) -> Sul | F217: Formação de Professores | G217: Fechado ganho | H217: 12700 | I217: =IF(G217="","",IFERROR(INDEX(pr_Prob,MATCH(G217,pr_Etapa,0)),0)) -> 1 | J217: =IF(H217="","",H217*I217) -> 12700 | L217: 46194 | M217: =IF(G217="","",IF(G217="Fechado ganho","Ganha",IF(G217="Fechado perdido","Perdida","Aberta"))) -> Ganha | N217: =IF(B217="","",IF(M217="Aberta",DataRef-B217,IF(L217="","",L217-B217))) -> 28 | O217: =IF(M217<>"Aberta","",IF(AND(K217<>"",K217<DataRef),"Previsão vencida",IF(N217>DiasParada,"Parada","")))
A218: OP-0214 | B218: 46166 | C218: Escola Semente do Amanhã | D218: Bruno Lima | E218: =IF(C218="","",IFERROR(INDEX(cl_Regiao,MATCH(C218,cl_Nome,0)),"")) -> Sul | F218: Plataforma Digital | G218: Negociação | H218: 22400 | I218: =IF(G218="","",IFERROR(INDEX(pr_Prob,MATCH(G218,pr_Etapa,0)),0)) -> 0.75 | J218: =IF(H218="","",H218*I218) -> 16800 | K218: 46227 | M218: =IF(G218="","",IF(G218="Fechado ganho","Ganha",IF(G218="Fechado perdido","Perdida","Aberta"))) -> Aberta | N218: =IF(B218="","",IF(M218="Aberta",DataRef-B218,IF(L218="","",L218-B218))) -> 142 | O218: =IF(M218<>"Aberta","",IF(AND(K218<>"",K218<DataRef),"Previsão vencida",IF(N218>DiasParada,"Parada",""))) -> Previsão vencida
A219: OP-0215 | B219: 46167 | C219: Escola Árvore da Vida | D219: Elisa Prado | E219: =IF(C219="","",IFERROR(INDEX(cl_Regiao,MATCH(C219,cl_Nome,0)),"")) -> Centro-Oeste | F219: Plataforma Digital | G219: Fechado perdido | H219: 26500 | I219: =IF(G219="","",IFERROR(INDEX(pr_Prob,MATCH(G219,pr_Etapa,0)),0)) -> 0 | J219: =IF(H219="","",H219*I219) -> 0 | L219: 46242 | M219: =IF(G219="","",IF(G219="Fechado ganho","Ganha",IF(G219="Fechado perdido","Perdida","Aberta"))) -> Perdida | N219: =IF(B219="","",IF(M219="Aberta",DataRef-B219,IF(L219="","",L219-B219))) -> 75 | O219: =IF(M219<>"Aberta","",IF(AND(K219<>"",K219<DataRef),"Previsão vencida",IF(N219>DiasParada,"Parada","")))
A220: OP-0216 | B220: 46167 | C220: Instituto Aprender+ | D220: Carla Mendes | E220: =IF(C220="","",IFERROR(INDEX(cl_Regiao,MATCH(C220,cl_Nome,0)),"")) -> Nordeste | F220: Formação de Professores | G220: Fechado ganho | H220: 4300 | I220: =IF(G220="","",IFERROR(INDEX(pr_Prob,MATCH(G220,pr_Etapa,0)),0)) -> 1 | J220: =IF(H220="","",H220*I220) -> 4300 | L220: 46216 | M220: =IF(G220="","",IF(G220="Fechado ganho","Ganha",IF(G220="Fechado perdido","Perdida","Aberta"))) -> Ganha | N220: =IF(B220="","",IF(M220="Aberta",DataRef-B220,IF(L220="","",L220-B220))) -> 49 | O220: =IF(M220<>"Aberta","",IF(AND(K220<>"",K220<DataRef),"Previsão vencida",IF(N220>DiasParada,"Parada","")))
A221: OP-0217 | B221: 46170 | C221: Centro Educacional Pioneiro | D221: Felipe Duarte | E221: =IF(C221="","",IFERROR(INDEX(cl_Regiao,MATCH(C221,cl_Nome,0)),"")) -> Norte | F221: Material Complementar | G221: Fechado ganho | H221: 3600 | I221: =IF(G221="","",IFERROR(INDEX(pr_Prob,MATCH(G221,pr_Etapa,0)),0)) -> 1 | J221: =IF(H221="","",H221*I221) -> 3600 | L221: 46228 | M221: =IF(G221="","",IF(G221="Fechado ganho","Ganha",IF(G221="Fechado perdido","Perdida","Aberta"))) -> Ganha | N221: =IF(B221="","",IF(M221="Aberta",DataRef-B221,IF(L221="","",L221-B221))) -> 58 | O221: =IF(M221<>"Aberta","",IF(AND(K221<>"",K221<DataRef),"Previsão vencida",IF(N221>DiasParada,"Parada","")))
A222: OP-0218 | B222: 46170 | C222: Colégio Lumiar | D222: Carla Mendes | E222: =IF(C222="","",IFERROR(INDEX(cl_Regiao,MATCH(C222,cl_Nome,0)),"")) -> Nordeste | F222: Material Complementar | G222: Fechado ganho | H222: 12300 | I222: =IF(G222="","",IFERROR(INDEX(pr_Prob,MATCH(G222,pr_Etapa,0)),0)) -> 1 | J222: =IF(H222="","",H222*I222) -> 12300 | L222: 46198 | M222: =IF(G222="","",IF(G222="Fechado ganho","Ganha",IF(G222="Fechado perdido","Perdida","Aberta"))) -> Ganha | N222: =IF(B222="","",IF(M222="Aberta",DataRef-B222,IF(L222="","",L222-B222))) -> 28 | O222: =IF(M222<>"Aberta","",IF(AND(K222<>"",K222<DataRef),"Previsão vencida",IF(N222>DiasParada,"Parada","")))
A223: OP-0219 | B223: 46172 | C223: Colégio Aurora | D223: Ana Souza | E223: =IF(C223="","",IFERROR(INDEX(cl_Regiao,MATCH(C223,cl_Nome,0)),"")) -> Sudeste | F223: Material Complementar | G223: Fechado ganho | H223: 2100 | I223: =IF(G223="","",IFERROR(INDEX(pr_Prob,MATCH(G223,pr_Etapa,0)),0)) -> 1 | J223: =IF(H223="","",H223*I223) -> 2100 | L223: 46224 | M223: =IF(G223="","",IF(G223="Fechado ganho","Ganha",IF(G223="Fechado perdido","Perdida","Aberta"))) -> Ganha | N223: =IF(B223="","",IF(M223="Aberta",DataRef-B223,IF(L223="","",L223-B223))) -> 52 | O223: =IF(M223<>"Aberta","",IF(AND(K223<>"",K223<DataRef),"Previsão vencida",IF(N223>DiasParada,"Parada","")))
A224: OP-0220 | B224: 46173 | C224: Centro Educacional Pioneiro | D224: Felipe Duarte | E224: =IF(C224="","",IFERROR(INDEX(cl_Regiao,MATCH(C224,cl_Nome,0)),"")) -> Norte | F224: Formação de Professores | G224: Prospecção | H224: 22300 | I224: =IF(G224="","",IFERROR(INDEX(pr_Prob,MATCH(G224,pr_Etapa,0)),0)) -> 0.1 | J224: =IF(H224="","",H224*I224) -> 2230 | K224: 46244 | M224: =IF(G224="","",IF(G224="Fechado ganho","Ganha",IF(G224="Fechado perdido","Perdida","Aberta"))) -> Aberta | N224: =IF(B224="","",IF(M224="Aberta",DataRef-B224,IF(L224="","",L224-B224))) -> 135 | O224: =IF(M224<>"Aberta","",IF(AND(K224<>"",K224<DataRef),"Previsão vencida",IF(N224>DiasParada,"Parada",""))) -> Previsão vencida
A225: OP-0221 | B225: 46175 | C225: Cursinho Ponto Alto | D225: Elisa Prado | E225: =IF(C225="","",IFERROR(INDEX(cl_Regiao,MATCH(C225,cl_Nome,0)),"")) -> Centro-Oeste | F225: Formação de Professores | G225: Fechado perdido | H225: 11700 | I225: =IF(G225="","",IFERROR(INDEX(pr_Prob,MATCH(G225,pr_Etapa,0)),0)) -> 0 | J225: =IF(H225="","",H225*I225) -> 0 | L225: 46240 | M225: =IF(G225="","",IF(G225="Fechado ganho","Ganha",IF(G225="Fechado perdido","Perdida","Aberta"))) -> Perdida | N225: =IF(B225="","",IF(M225="Aberta",DataRef-B225,IF(L225="","",L225-B225))) -> 65 | O225: =IF(M225<>"Aberta","",IF(AND(K225<>"",K225<DataRef),"Previsão vencida",IF(N225>DiasParada,"Parada","")))
A226: OP-0222 | B226: 46175 | C226: Prefeitura de Vila Nova | D226: Felipe Duarte | E226: =IF(C226="","",IFERROR(INDEX(cl_Regiao,MATCH(C226,cl_Nome,0)),"")) -> Norte | F226: Plataforma Digital | G226: Negociação | H226: 77000 | I226: =IF(G226="","",IFERROR(INDEX(pr_Prob,MATCH(G226,pr_Etapa,0)),0)) -> 0.75 | J226: =IF(H226="","",H226*I226) -> 57750 | K226: 46272 | M226: =IF(G226="","",IF(G226="Fechado ganho","Ganha",IF(G226="Fechado perdido","Perdida","Aberta"))) -> Aberta | N226: =IF(B226="","",IF(M226="Aberta",DataRef-B226,IF(L226="","",L226-B226))) -> 133 | O226: =IF(M226<>"Aberta","",IF(AND(K226<>"",K226<DataRef),"Previsão vencida",IF(N226>DiasParada,"Parada",""))) -> Previsão vencida
A227: OP-0223 | B227: 46176 | C227: Prefeitura de Vila Nova | D227: Felipe Duarte | E227: =IF(C227="","",IFERROR(INDEX(cl_Regiao,MATCH(C227,cl_Nome,0)),"")) -> Norte | F227: Formação de Professores | G227: Fechado perdido | H227: 34400 | I227: =IF(G227="","",IFERROR(INDEX(pr_Prob,MATCH(G227,pr_Etapa,0)),0)) -> 0 | J227: =IF(H227="","",H227*I227) -> 0 | L227: 46190 | M227: =IF(G227="","",IF(G227="Fechado ganho","Ganha",IF(G227="Fechado perdido","Perdida","Aberta"))) -> Perdida | N227: =IF(B227="","",IF(M227="Aberta",DataRef-B227,IF(L227="","",L227-B227))) -> 14 | O227: =IF(M227<>"Aberta","",IF(AND(K227<>"",K227<DataRef),"Previsão vencida",IF(N227>DiasParada,"Parada","")))
A228: OP-0224 | B228: 46177 | C228: Centro Educacional Pioneiro | D228: Felipe Duarte | E228: =IF(C228="","",IFERROR(INDEX(cl_Regiao,MATCH(C228,cl_Nome,0)),"")) -> Norte | F228: Plataforma Digital | G228: Fechado perdido | H228: 45400 | I228: =IF(G228="","",IFERROR(INDEX(pr_Prob,MATCH(G228,pr_Etapa,0)),0)) -> 0 | J228: =IF(H228="","",H228*I228) -> 0 | L228: 46224 | M228: =IF(G228="","",IF(G228="Fechado ganho","Ganha",IF(G228="Fechado perdido","Perdida","Aberta"))) -> Perdida | N228: =IF(B228="","",IF(M228="Aberta",DataRef-B228,IF(L228="","",L228-B228))) -> 47 | O228: =IF(M228<>"Aberta","",IF(AND(K228<>"",K228<DataRef),"Previsão vencida",IF(N228>DiasParada,"Parada","")))
A229: OP-0225 | B229: 46177 | C229: Rede Primeiros Passos | D229: Diego Rocha | E229: =IF(C229="","",IFERROR(INDEX(cl_Regiao,MATCH(C229,cl_Nome,0)),"")) -> Sudeste | F229: Coleção Didática | G229: Fechado ganho | H229: 44900 | I229: =IF(G229="","",IFERROR(INDEX(pr_Prob,MATCH(G229,pr_Etapa,0)),0)) -> 1 | J229: =IF(H229="","",H229*I229) -> 44900 | L229: 46214 | M229: =IF(G229="","",IF(G229="Fechado ganho","Ganha",IF(G229="Fechado perdido","Perdida","Aberta"))) -> Ganha | N229: =IF(B229="","",IF(M229="Aberta",DataRef-B229,IF(L229="","",L229-B229))) -> 37 | O229: =IF(M229<>"Aberta","",IF(AND(K229<>"",K229<DataRef),"Previsão vencida",IF(N229>DiasParada,"Parada","")))
A230: OP-0226 | B230: 46177 | C230: Rede Sol Nascente | D230: Carla Mendes | E230: =IF(C230="","",IFERROR(INDEX(cl_Regiao,MATCH(C230,cl_Nome,0)),"")) -> Nordeste | F230: Coleção Didática | G230: Fechado ganho | H230: 31600 | I230: =IF(G230="","",IFERROR(INDEX(pr_Prob,MATCH(G230,pr_Etapa,0)),0)) -> 1 | J230: =IF(H230="","",H230*I230) -> 31600 | L230: 46224 | M230: =IF(G230="","",IF(G230="Fechado ganho","Ganha",IF(G230="Fechado perdido","Perdida","Aberta"))) -> Ganha | N230: =IF(B230="","",IF(M230="Aberta",DataRef-B230,IF(L230="","",L230-B230))) -> 47 | O230: =IF(M230<>"Aberta","",IF(AND(K230<>"",K230<DataRef),"Previsão vencida",IF(N230>DiasParada,"Parada","")))
A231: OP-0227 | B231: 46178 | C231: Prefeitura de Campo Alto | D231: Ana Souza | E231: =IF(C231="","",IFERROR(INDEX(cl_Regiao,MATCH(C231,cl_Nome,0)),"")) -> Sudeste | F231: Material Complementar | G231: Fechado ganho | H231: 20100 | I231: =IF(G231="","",IFERROR(INDEX(pr_Prob,MATCH(G231,pr_Etapa,0)),0)) -> 1 | J231: =IF(H231="","",H231*I231) -> 20100 | L231: 46202 | M231: =IF(G231="","",IF(G231="Fechado ganho","Ganha",IF(G231="Fechado perdido","Perdida","Aberta"))) -> Ganha | N231: =IF(B231="","",IF(M231="Aberta",DataRef-B231,IF(L231="","",L231-B231))) -> 24 | O231: =IF(M231<>"Aberta","",IF(AND(K231<>"",K231<DataRef),"Previsão vencida",IF(N231>DiasParada,"Parada","")))
A232: OP-0228 | B232: 46179 | C232: Rede Saber Mais | D232: Bruno Lima | E232: =IF(C232="","",IFERROR(INDEX(cl_Regiao,MATCH(C232,cl_Nome,0)),"")) -> Sul | F232: Material Complementar | G232: Fechado ganho | H232: 20700 | I232: =IF(G232="","",IFERROR(INDEX(pr_Prob,MATCH(G232,pr_Etapa,0)),0)) -> 1 | J232: =IF(H232="","",H232*I232) -> 20700 | L232: 46230 | M232: =IF(G232="","",IF(G232="Fechado ganho","Ganha",IF(G232="Fechado perdido","Perdida","Aberta"))) -> Ganha | N232: =IF(B232="","",IF(M232="Aberta",DataRef-B232,IF(L232="","",L232-B232))) -> 51 | O232: =IF(M232<>"Aberta","",IF(AND(K232<>"",K232<DataRef),"Previsão vencida",IF(N232>DiasParada,"Parada","")))
A233: OP-0229 | B233: 46180 | C233: Colégio Santa Clara | D233: Diego Rocha | E233: =IF(C233="","",IFERROR(INDEX(cl_Regiao,MATCH(C233,cl_Nome,0)),"")) -> Sudeste | F233: Formação de Professores | G233: Proposta enviada | H233: 3700 | I233: =IF(G233="","",IFERROR(INDEX(pr_Prob,MATCH(G233,pr_Etapa,0)),0)) -> 0.5 | J233: =IF(H233="","",H233*I233) -> 1850 | K233: 46296 | M233: =IF(G233="","",IF(G233="Fechado ganho","Ganha",IF(G233="Fechado perdido","Perdida","Aberta"))) -> Aberta | N233: =IF(B233="","",IF(M233="Aberta",DataRef-B233,IF(L233="","",L233-B233))) -> 128 | O233: =IF(M233<>"Aberta","",IF(AND(K233<>"",K233<DataRef),"Previsão vencida",IF(N233>DiasParada,"Parada",""))) -> Previsão vencida
A234: OP-0230 | B234: 46181 | C234: Escola Caminho do Saber | D234: Elisa Prado | E234: =IF(C234="","",IFERROR(INDEX(cl_Regiao,MATCH(C234,cl_Nome,0)),"")) -> Centro-Oeste | F234: Plataforma Digital | G234: Fechado ganho | H234: 19300 | I234: =IF(G234="","",IFERROR(INDEX(pr_Prob,MATCH(G234,pr_Etapa,0)),0)) -> 1 | J234: =IF(H234="","",H234*I234) -> 19300 | L234: 46207 | M234: =IF(G234="","",IF(G234="Fechado ganho","Ganha",IF(G234="Fechado perdido","Perdida","Aberta"))) -> Ganha | N234: =IF(B234="","",IF(M234="Aberta",DataRef-B234,IF(L234="","",L234-B234))) -> 26 | O234: =IF(M234<>"Aberta","",IF(AND(K234<>"",K234<DataRef),"Previsão vencida",IF(N234>DiasParada,"Parada","")))
A235: OP-0231 | B235: 46181 | C235: Instituto Aprender+ | D235: Carla Mendes | E235: =IF(C235="","",IFERROR(INDEX(cl_Regiao,MATCH(C235,cl_Nome,0)),"")) -> Nordeste | F235: Material Complementar | G235: Negociação | H235: 5200 | I235: =IF(G235="","",IFERROR(INDEX(pr_Prob,MATCH(G235,pr_Etapa,0)),0)) -> 0.75 | J235: =IF(H235="","",H235*I235) -> 3900 | K235: 46301 | M235: =IF(G235="","",IF(G235="Fechado ganho","Ganha",IF(G235="Fechado perdido","Perdida","Aberta"))) -> Aberta | N235: =IF(B235="","",IF(M235="Aberta",DataRef-B235,IF(L235="","",L235-B235))) -> 127 | O235: =IF(M235<>"Aberta","",IF(AND(K235<>"",K235<DataRef),"Previsão vencida",IF(N235>DiasParada,"Parada",""))) -> Previsão vencida
A236: OP-0232 | B236: 46182 | C236: Instituto Novo Rumo | D236: Diego Rocha | E236: =IF(C236="","",IFERROR(INDEX(cl_Regiao,MATCH(C236,cl_Nome,0)),"")) -> Sudeste | F236: Material Complementar | G236: Proposta enviada | H236: 14300 | I236: =IF(G236="","",IFERROR(INDEX(pr_Prob,MATCH(G236,pr_Etapa,0)),0)) -> 0.5 | J236: =IF(H236="","",H236*I236) -> 7150 | K236: 46277 | M236: =IF(G236="","",IF(G236="Fechado ganho","Ganha",IF(G236="Fechado perdido","Perdida","Aberta"))) -> Aberta | N236: =IF(B236="","",IF(M236="Aberta",DataRef-B236,IF(L236="","",L236-B236))) -> 126 | O236: =IF(M236<>"Aberta","",IF(AND(K236<>"",K236<DataRef),"Previsão vencida",IF(N236>DiasParada,"Parada",""))) -> Previsão vencida
A237: OP-0233 | B237: 46183 | C237: Cursinho Meta Certa | D237: Felipe Duarte | E237: =IF(C237="","",IFERROR(INDEX(cl_Regiao,MATCH(C237,cl_Nome,0)),"")) -> Norte | F237: Material Complementar | G237: Fechado ganho | H237: 3500 | I237: =IF(G237="","",IFERROR(INDEX(pr_Prob,MATCH(G237,pr_Etapa,0)),0)) -> 1 | J237: =IF(H237="","",H237*I237) -> 3500 | L237: 46218 | M237: =IF(G237="","",IF(G237="Fechado ganho","Ganha",IF(G237="Fechado perdido","Perdida","Aberta"))) -> Ganha | N237: =IF(B237="","",IF(M237="Aberta",DataRef-B237,IF(L237="","",L237-B237))) -> 35 | O237: =IF(M237<>"Aberta","",IF(AND(K237<>"",K237<DataRef),"Previsão vencida",IF(N237>DiasParada,"Parada","")))
A238: OP-0234 | B238: 46184 | C238: Instituto Novo Rumo | D238: Diego Rocha | E238: =IF(C238="","",IFERROR(INDEX(cl_Regiao,MATCH(C238,cl_Nome,0)),"")) -> Sudeste | F238: Material Complementar | G238: Negociação | H238: 17800 | I238: =IF(G238="","",IFERROR(INDEX(pr_Prob,MATCH(G238,pr_Etapa,0)),0)) -> 0.75 | J238: =IF(H238="","",H238*I238) -> 13350 | K238: 46304 | M238: =IF(G238="","",IF(G238="Fechado ganho","Ganha",IF(G238="Fechado perdido","Perdida","Aberta"))) -> Aberta | N238: =IF(B238="","",IF(M238="Aberta",DataRef-B238,IF(L238="","",L238-B238))) -> 124 | O238: =IF(M238<>"Aberta","",IF(AND(K238<>"",K238<DataRef),"Previsão vencida",IF(N238>DiasParada,"Parada",""))) -> Previsão vencida
A239: OP-0235 | B239: 46186 | C239: Instituto Horizonte | D239: Carla Mendes | E239: =IF(C239="","",IFERROR(INDEX(cl_Regiao,MATCH(C239,cl_Nome,0)),"")) -> Nordeste | F239: Plataforma Digital | G239: Qualificação | H239: 25700 | I239: =IF(G239="","",IFERROR(INDEX(pr_Prob,MATCH(G239,pr_Etapa,0)),0)) -> 0.25 | J239: =IF(H239="","",H239*I239) -> 6425 | K239: 46236 | M239: =IF(G239="","",IF(G239="Fechado ganho","Ganha",IF(G239="Fechado perdido","Perdida","Aberta"))) -> Aberta | N239: =IF(B239="","",IF(M239="Aberta",DataRef-B239,IF(L239="","",L239-B239))) -> 122 | O239: =IF(M239<>"Aberta","",IF(AND(K239<>"",K239<DataRef),"Previsão vencida",IF(N239>DiasParada,"Parada",""))) -> Previsão vencida
A240: OP-0236 | B240: 46187 | C240: Escola Caminho do Saber | D240: Elisa Prado | E240: =IF(C240="","",IFERROR(INDEX(cl_Regiao,MATCH(C240,cl_Nome,0)),"")) -> Centro-Oeste | F240: Material Complementar | G240: Fechado ganho | H240: 4800 | I240: =IF(G240="","",IFERROR(INDEX(pr_Prob,MATCH(G240,pr_Etapa,0)),0)) -> 1 | J240: =IF(H240="","",H240*I240) -> 4800 | L240: 46226 | M240: =IF(G240="","",IF(G240="Fechado ganho","Ganha",IF(G240="Fechado perdido","Perdida","Aberta"))) -> Ganha | N240: =IF(B240="","",IF(M240="Aberta",DataRef-B240,IF(L240="","",L240-B240))) -> 39 | O240: =IF(M240<>"Aberta","",IF(AND(K240<>"",K240<DataRef),"Previsão vencida",IF(N240>DiasParada,"Parada","")))
A241: OP-0237 | B241: 46188 | C241: Centro Educacional Pioneiro | D241: Felipe Duarte | E241: =IF(C241="","",IFERROR(INDEX(cl_Regiao,MATCH(C241,cl_Nome,0)),"")) -> Norte | F241: Coleção Didática | G241: Fechado ganho | H241: 85800 | I241: =IF(G241="","",IFERROR(INDEX(pr_Prob,MATCH(G241,pr_Etapa,0)),0)) -> 1 | J241: =IF(H241="","",H241*I241) -> 85800 | L241: 46243 | M241: =IF(G241="","",IF(G241="Fechado ganho","Ganha",IF(G241="Fechado perdido","Perdida","Aberta"))) -> Ganha | N241: =IF(B241="","",IF(M241="Aberta",DataRef-B241,IF(L241="","",L241-B241))) -> 55 | O241: =IF(M241<>"Aberta","",IF(AND(K241<>"",K241<DataRef),"Previsão vencida",IF(N241>DiasParada,"Parada","")))
A242: OP-0238 | B242: 46189 | C242: Escola Girassol | D242: Bruno Lima | E242: =IF(C242="","",IFERROR(INDEX(cl_Regiao,MATCH(C242,cl_Nome,0)),"")) -> Sul | F242: Material Complementar | G242: Prospecção | H242: 9300 | I242: =IF(G242="","",IFERROR(INDEX(pr_Prob,MATCH(G242,pr_Etapa,0)),0)) -> 0.1 | J242: =IF(H242="","",H242*I242) -> 930 | K242: 46282 | M242: =IF(G242="","",IF(G242="Fechado ganho","Ganha",IF(G242="Fechado perdido","Perdida","Aberta"))) -> Aberta | N242: =IF(B242="","",IF(M242="Aberta",DataRef-B242,IF(L242="","",L242-B242))) -> 119 | O242: =IF(M242<>"Aberta","",IF(AND(K242<>"",K242<DataRef),"Previsão vencida",IF(N242>DiasParada,"Parada",""))) -> Previsão vencida
A243: OP-0239 | B243: 46189 | C243: Escola Semente do Amanhã | D243: Bruno Lima | E243: =IF(C243="","",IFERROR(INDEX(cl_Regiao,MATCH(C243,cl_Nome,0)),"")) -> Sul | F243: Formação de Professores | G243: Fechado perdido | H243: 12200 | I243: =IF(G243="","",IFERROR(INDEX(pr_Prob,MATCH(G243,pr_Etapa,0)),0)) -> 0 | J243: =IF(H243="","",H243*I243) -> 0 | L243: 46218 | M243: =IF(G243="","",IF(G243="Fechado ganho","Ganha",IF(G243="Fechado perdido","Perdida","Aberta"))) -> Perdida | N243: =IF(B243="","",IF(M243="Aberta",DataRef-B243,IF(L243="","",L243-B243))) -> 29 | O243: =IF(M243<>"Aberta","",IF(AND(K243<>"",K243<DataRef),"Previsão vencida",IF(N243>DiasParada,"Parada","")))
A244: OP-0240 | B244: 46189 | C244: Instituto Horizonte | D244: Carla Mendes | E244: =IF(C244="","",IFERROR(INDEX(cl_Regiao,MATCH(C244,cl_Nome,0)),"")) -> Nordeste | F244: Material Complementar | G244: Prospecção | H244: 14700 | I244: =IF(G244="","",IFERROR(INDEX(pr_Prob,MATCH(G244,pr_Etapa,0)),0)) -> 0.1 | J244: =IF(H244="","",H244*I244) -> 1470 | K244: 46298 | M244: =IF(G244="","",IF(G244="Fechado ganho","Ganha",IF(G244="Fechado perdido","Perdida","Aberta"))) -> Aberta | N244: =IF(B244="","",IF(M244="Aberta",DataRef-B244,IF(L244="","",L244-B244))) -> 119 | O244: =IF(M244<>"Aberta","",IF(AND(K244<>"",K244<DataRef),"Previsão vencida",IF(N244>DiasParada,"Parada",""))) -> Previsão vencida
A245: OP-0241 | B245: 46191 | C245: Colégio Aurora | D245: Ana Souza | E245: =IF(C245="","",IFERROR(INDEX(cl_Regiao,MATCH(C245,cl_Nome,0)),"")) -> Sudeste | F245: Coleção Didática | G245: Fechado ganho | H245: 8300 | I245: =IF(G245="","",IFERROR(INDEX(pr_Prob,MATCH(G245,pr_Etapa,0)),0)) -> 1 | J245: =IF(H245="","",H245*I245) -> 8300 | L245: 46266 | M245: =IF(G245="","",IF(G245="Fechado ganho","Ganha",IF(G245="Fechado perdido","Perdida","Aberta"))) -> Ganha | N245: =IF(B245="","",IF(M245="Aberta",DataRef-B245,IF(L245="","",L245-B245))) -> 75 | O245: =IF(M245<>"Aberta","",IF(AND(K245<>"",K245<DataRef),"Previsão vencida",IF(N245>DiasParada,"Parada","")))
A246: OP-0242 | B246: 46191 | C246: Escola Árvore da Vida | D246: Elisa Prado | E246: =IF(C246="","",IFERROR(INDEX(cl_Regiao,MATCH(C246,cl_Nome,0)),"")) -> Centro-Oeste | F246: Coleção Didática | G246: Fechado perdido | H246: 32200 | I246: =IF(G246="","",IFERROR(INDEX(pr_Prob,MATCH(G246,pr_Etapa,0)),0)) -> 0 | J246: =IF(H246="","",H246*I246) -> 0 | L246: 46227 | M246: =IF(G246="","",IF(G246="Fechado ganho","Ganha",IF(G246="Fechado perdido","Perdida","Aberta"))) -> Perdida | N246: =IF(B246="","",IF(M246="Aberta",DataRef-B246,IF(L246="","",L246-B246))) -> 36 | O246: =IF(M246<>"Aberta","",IF(AND(K246<>"",K246<DataRef),"Previsão vencida",IF(N246>DiasParada,"Parada","")))
A247: OP-0243 | B247: 46193 | C247: Colégio Santa Clara | D247: Diego Rocha | E247: =IF(C247="","",IFERROR(INDEX(cl_Regiao,MATCH(C247,cl_Nome,0)),"")) -> Sudeste | F247: Plataforma Digital | G247: Negociação | H247: 20200 | I247: =IF(G247="","",IFERROR(INDEX(pr_Prob,MATCH(G247,pr_Etapa,0)),0)) -> 0.75 | J247: =IF(H247="","",H247*I247) -> 15150 | K247: 46304 | M247: =IF(G247="","",IF(G247="Fechado ganho","Ganha",IF(G247="Fechado perdido","Perdida","Aberta"))) -> Aberta | N247: =IF(B247="","",IF(M247="Aberta",DataRef-B247,IF(L247="","",L247-B247))) -> 115 | O247: =IF(M247<>"Aberta","",IF(AND(K247<>"",K247<DataRef),"Previsão vencida",IF(N247>DiasParada,"Parada",""))) -> Previsão vencida
A248: OP-0244 | B248: 46193 | C248: Rede Primeiros Passos | D248: Diego Rocha | E248: =IF(C248="","",IFERROR(INDEX(cl_Regiao,MATCH(C248,cl_Nome,0)),"")) -> Sudeste | F248: Plataforma Digital | G248: Fechado ganho | H248: 43400 | I248: =IF(G248="","",IFERROR(INDEX(pr_Prob,MATCH(G248,pr_Etapa,0)),0)) -> 1 | J248: =IF(H248="","",H248*I248) -> 43400 | L248: 46256 | M248: =IF(G248="","",IF(G248="Fechado ganho","Ganha",IF(G248="Fechado perdido","Perdida","Aberta"))) -> Ganha | N248: =IF(B248="","",IF(M248="Aberta",DataRef-B248,IF(L248="","",L248-B248))) -> 63 | O248: =IF(M248<>"Aberta","",IF(AND(K248<>"",K248<DataRef),"Previsão vencida",IF(N248>DiasParada,"Parada","")))
A249: OP-0245 | B249: 46194 | C249: Escola Árvore da Vida | D249: Elisa Prado | E249: =IF(C249="","",IFERROR(INDEX(cl_Regiao,MATCH(C249,cl_Nome,0)),"")) -> Centro-Oeste | F249: Formação de Professores | G249: Prospecção | H249: 13000 | I249: =IF(G249="","",IFERROR(INDEX(pr_Prob,MATCH(G249,pr_Etapa,0)),0)) -> 0.1 | J249: =IF(H249="","",H249*I249) -> 1300 | K249: 46283 | M249: =IF(G249="","",IF(G249="Fechado ganho","Ganha",IF(G249="Fechado perdido","Perdida","Aberta"))) -> Aberta | N249: =IF(B249="","",IF(M249="Aberta",DataRef-B249,IF(L249="","",L249-B249))) -> 114 | O249: =IF(M249<>"Aberta","",IF(AND(K249<>"",K249<DataRef),"Previsão vencida",IF(N249>DiasParada,"Parada",""))) -> Previsão vencida
A250: OP-0246 | B250: 46194 | C250: Escola Árvore da Vida | D250: Elisa Prado | E250: =IF(C250="","",IFERROR(INDEX(cl_Regiao,MATCH(C250,cl_Nome,0)),"")) -> Centro-Oeste | F250: Material Complementar | G250: Fechado ganho | H250: 8700 | I250: =IF(G250="","",IFERROR(INDEX(pr_Prob,MATCH(G250,pr_Etapa,0)),0)) -> 1 | J250: =IF(H250="","",H250*I250) -> 8700 | L250: 46230 | M250: =IF(G250="","",IF(G250="Fechado ganho","Ganha",IF(G250="Fechado perdido","Perdida","Aberta"))) -> Ganha | N250: =IF(B250="","",IF(M250="Aberta",DataRef-B250,IF(L250="","",L250-B250))) -> 36 | O250: =IF(M250<>"Aberta","",IF(AND(K250<>"",K250<DataRef),"Previsão vencida",IF(N250>DiasParada,"Parada","")))
A251: OP-0247 | B251: 46195 | C251: Prefeitura de Campo Alto | D251: Ana Souza | E251: =IF(C251="","",IFERROR(INDEX(cl_Regiao,MATCH(C251,cl_Nome,0)),"")) -> Sudeste | F251: Material Complementar | G251: Negociação | H251: 6300 | I251: =IF(G251="","",IFERROR(INDEX(pr_Prob,MATCH(G251,pr_Etapa,0)),0)) -> 0.75 | J251: =IF(H251="","",H251*I251) -> 4725 | K251: 46243 | M251: =IF(G251="","",IF(G251="Fechado ganho","Ganha",IF(G251="Fechado perdido","Perdida","Aberta"))) -> Aberta | N251: =IF(B251="","",IF(M251="Aberta",DataRef-B251,IF(L251="","",L251-B251))) -> 113 | O251: =IF(M251<>"Aberta","",IF(AND(K251<>"",K251<DataRef),"Previsão vencida",IF(N251>DiasParada,"Parada",""))) -> Previsão vencida
A252: OP-0248 | B252: 46196 | C252: Instituto Aprender+ | D252: Carla Mendes | E252: =IF(C252="","",IFERROR(INDEX(cl_Regiao,MATCH(C252,cl_Nome,0)),"")) -> Nordeste | F252: Plataforma Digital | G252: Prospecção | H252: 13200 | I252: =IF(G252="","",IFERROR(INDEX(pr_Prob,MATCH(G252,pr_Etapa,0)),0)) -> 0.1 | J252: =IF(H252="","",H252*I252) -> 1320 | K252: 46301 | M252: =IF(G252="","",IF(G252="Fechado ganho","Ganha",IF(G252="Fechado perdido","Perdida","Aberta"))) -> Aberta | N252: =IF(B252="","",IF(M252="Aberta",DataRef-B252,IF(L252="","",L252-B252))) -> 112 | O252: =IF(M252<>"Aberta","",IF(AND(K252<>"",K252<DataRef),"Previsão vencida",IF(N252>DiasParada,"Parada",""))) -> Previsão vencida
A253: OP-0249 | B253: 46197 | C253: Colégio Maristela | D253: Diego Rocha | E253: =IF(C253="","",IFERROR(INDEX(cl_Regiao,MATCH(C253,cl_Nome,0)),"")) -> Sudeste | F253: Formação de Professores | G253: Fechado ganho | H253: 11800 | I253: =IF(G253="","",IFERROR(INDEX(pr_Prob,MATCH(G253,pr_Etapa,0)),0)) -> 1 | J253: =IF(H253="","",H253*I253) -> 11800 | L253: 46226 | M253: =IF(G253="","",IF(G253="Fechado ganho","Ganha",IF(G253="Fechado perdido","Perdida","Aberta"))) -> Ganha | N253: =IF(B253="","",IF(M253="Aberta",DataRef-B253,IF(L253="","",L253-B253))) -> 29 | O253: =IF(M253<>"Aberta","",IF(AND(K253<>"",K253<DataRef),"Previsão vencida",IF(N253>DiasParada,"Parada","")))
A254: OP-0250 | B254: 46197 | C254: Instituto Horizonte | D254: Carla Mendes | E254: =IF(C254="","",IFERROR(INDEX(cl_Regiao,MATCH(C254,cl_Nome,0)),"")) -> Nordeste | F254: Material Complementar | G254: Negociação | H254: 8800 | I254: =IF(G254="","",IFERROR(INDEX(pr_Prob,MATCH(G254,pr_Etapa,0)),0)) -> 0.75 | J254: =IF(H254="","",H254*I254) -> 6600 | K254: 46251 | M254: =IF(G254="","",IF(G254="Fechado ganho","Ganha",IF(G254="Fechado perdido","Perdida","Aberta"))) -> Aberta | N254: =IF(B254="","",IF(M254="Aberta",DataRef-B254,IF(L254="","",L254-B254))) -> 111 | O254: =IF(M254<>"Aberta","",IF(AND(K254<>"",K254<DataRef),"Previsão vencida",IF(N254>DiasParada,"Parada",""))) -> Previsão vencida
A255: OP-0251 | B255: 46197 | C255: Prefeitura de Rio Claro do Sul | D255: Bruno Lima | E255: =IF(C255="","",IFERROR(INDEX(cl_Regiao,MATCH(C255,cl_Nome,0)),"")) -> Sul | F255: Plataforma Digital | G255: Negociação | H255: 66500 | I255: =IF(G255="","",IFERROR(INDEX(pr_Prob,MATCH(G255,pr_Etapa,0)),0)) -> 0.75 | J255: =IF(H255="","",H255*I255) -> 49875 | K255: 46258 | M255: =IF(G255="","",IF(G255="Fechado ganho","Ganha",IF(G255="Fechado perdido","Perdida","Aberta"))) -> Aberta | N255: =IF(B255="","",IF(M255="Aberta",DataRef-B255,IF(L255="","",L255-B255))) -> 111 | O255: =IF(M255<>"Aberta","",IF(AND(K255<>"",K255<DataRef),"Previsão vencida",IF(N255>DiasParada,"Parada",""))) -> Previsão vencida
A256: OP-0252 | B256: 46199 | C256: Instituto Horizonte | D256: Carla Mendes | E256: =IF(C256="","",IFERROR(INDEX(cl_Regiao,MATCH(C256,cl_Nome,0)),"")) -> Nordeste | F256: Material Complementar | G256: Qualificação | H256: 16500 | I256: =IF(G256="","",IFERROR(INDEX(pr_Prob,MATCH(G256,pr_Etapa,0)),0)) -> 0.25 | J256: =IF(H256="","",H256*I256) -> 4125 | K256: 46249 | M256: =IF(G256="","",IF(G256="Fechado ganho","Ganha",IF(G256="Fechado perdido","Perdida","Aberta"))) -> Aberta | N256: =IF(B256="","",IF(M256="Aberta",DataRef-B256,IF(L256="","",L256-B256))) -> 109 | O256: =IF(M256<>"Aberta","",IF(AND(K256<>"",K256<DataRef),"Previsão vencida",IF(N256>DiasParada,"Parada",""))) -> Previsão vencida
A257: OP-0253 | B257: 46202 | C257: Colégio Integral Plus | D257: Ana Souza | E257: =IF(C257="","",IFERROR(INDEX(cl_Regiao,MATCH(C257,cl_Nome,0)),"")) -> Sudeste | F257: Plataforma Digital | G257: Qualificação | H257: 17800 | I257: =IF(G257="","",IFERROR(INDEX(pr_Prob,MATCH(G257,pr_Etapa,0)),0)) -> 0.25 | J257: =IF(H257="","",H257*I257) -> 4450 | K257: 46241 | M257: =IF(G257="","",IF(G257="Fechado ganho","Ganha",IF(G257="Fechado perdido","Perdida","Aberta"))) -> Aberta | N257: =IF(B257="","",IF(M257="Aberta",DataRef-B257,IF(L257="","",L257-B257))) -> 106 | O257: =IF(M257<>"Aberta","",IF(AND(K257<>"",K257<DataRef),"Previsão vencida",IF(N257>DiasParada,"Parada",""))) -> Previsão vencida
A258: OP-0254 | B258: 46202 | C258: Cursinho Ponto Alto | D258: Elisa Prado | E258: =IF(C258="","",IFERROR(INDEX(cl_Regiao,MATCH(C258,cl_Nome,0)),"")) -> Centro-Oeste | F258: Coleção Didática | G258: Fechado ganho | H258: 27100 | I258: =IF(G258="","",IFERROR(INDEX(pr_Prob,MATCH(G258,pr_Etapa,0)),0)) -> 1 | J258: =IF(H258="","",H258*I258) -> 27100 | L258: 46223 | M258: =IF(G258="","",IF(G258="Fechado ganho","Ganha",IF(G258="Fechado perdido","Perdida","Aberta"))) -> Ganha | N258: =IF(B258="","",IF(M258="Aberta",DataRef-B258,IF(L258="","",L258-B258))) -> 21 | O258: =IF(M258<>"Aberta","",IF(AND(K258<>"",K258<DataRef),"Previsão vencida",IF(N258>DiasParada,"Parada","")))
...

Sheet Metas
A1: Metas de vendas por consultor, 2026
A2: Digite a meta mensal de cada consultor (azul). Os totais e o Painel se atualizam sozinhos. Metas fictícias.
A4: Consultor | B4: Meta do ano (R$) | C4: =Parâmetros!$M$17 -> 46023 | D4: =Parâmetros!$M$18 -> 46054 | E4: =Parâmetros!$M$19 -> 46082 | F4: =Parâmetros!$M$20 -> 46113 | G4: =Parâmetros!$M$21 -> 46143 | H4: =Parâmetros!$M$22 -> 46174 | I4: =Parâmetros!$M$23 -> 46204 | J4: =Parâmetros!$M$24 -> 46235 | K4: =Parâmetros!$M$25 -> 46266 | L4: =Parâmetros!$M$26 -> 46296 | M4: =Parâmetros!$M$27 -> 46327 | N4: =Parâmetros!$M$28 -> 46357
A5: =Parâmetros!$E$18 -> Ana Souza | B5: =SUM(C5:N5) -> 857000 | C5: 58000 | D5: 62000 | E5: 75000 | F5: 64000 | G5: 69000 | H5: 72000 | I5: 62000 | J5: 84000 | K5: 81000 | L5: 74000 | M5: 85000 | N5: 71000
A6: =Parâmetros!$E$19 -> Bruno Lima | B6: =SUM(C6:N6) -> 684000 | C6: 51000 | D6: 54000 | E6: 62000 | F6: 60000 | G6: 61000 | H6: 53000 | I6: 48000 | J6: 57000 | K6: 68000 | L6: 59000 | M6: 58000 | N6: 53000
A7: =Parâmetros!$E$20 -> Carla Mendes | B7: =SUM(C7:N7) -> 656000 | C7: 44000 | D7: 50000 | E7: 63000 | F7: 56000 | G7: 54000 | H7: 50000 | I7: 46000 | J7: 57000 | K7: 55000 | L7: 60000 | M7: 67000 | N7: 54000
A8: =Parâmetros!$E$21 -> Diego Rocha | B8: =SUM(C8:N8) -> 541000 | C8: 38000 | D8: 43000 | E8: 50000 | F8: 43000 | G8: 49000 | H8: 41000 | I8: 42000 | J8: 48000 | K8: 45000 | L8: 53000 | M8: 48000 | N8: 41000
A9: =Parâmetros!$E$22 -> Elisa Prado | B9: =SUM(C9:N9) -> 484000 | C9: 32000 | D9: 37000 | E9: 39000 | F9: 40000 | G9: 40000 | H9: 38000 | I9: 32000 | J9: 40000 | K9: 48000 | L9: 45000 | M9: 49000 | N9: 44000
A10: =Parâmetros!$E$23 -> Felipe Duarte | B10: =SUM(C10:N10) -> 633000 | C10: 47000 | D10: 55000 | E10: 54000 | F10: 50000 | G10: 53000 | H10: 53000 | I10: 43000 | J10: 53000 | K10: 58000 | L10: 52000 | M10: 67000 | N10: 48000
A11: Total da equipe | B11: =SUM(B5:B10) -> 3855000 | C11: =SUM(C5:C10) -> 270000 | D11: =SUM(D5:D10) -> 301000 | E11: =SUM(E5:E10) -> 343000 | F11: =SUM(F5:F10) -> 313000 | G11: =SUM(G5:G10) -> 326000 | H11: =SUM(H5:H10) -> 307000 | I11: =SUM(I5:I10) -> 273000 | ... N11: =SUM(N5:N10) -> 311000
A13: Valores em R$. Sazonalidade fictícia: fevereiro, março, agosto e o último trimestre pesam mais.

Sheet Carteira
A1: Carteira de clientes
A2: Cadastre os clientes nas colunas azuis. Última compra, total comprado e situação saem das vendas ganhas em Oportunidades.
A4: Cliente | B4: Segmento | C4: Região | D4: Consultor | E4: Última compra | F4: Nº de compras | G4: Total comprado (R$) | H4: Dias sem comprar | I4: Situação | J4: Ação sugerida | K4: Chave de ranking
A5: Colégio Aurora | B5: Escola privada | C5: Sudeste | D5: Ana Souza | E5: =IF(A5="","",IF(F5=0,"",_xlfn.MAXIFS(op_Fech,op_Cliente,A5,op_Status,"Ganha"))) -> 46266 | F5: =IF(A5="","",COUNTIFS(op_Cliente,A5,op_Status,"Ganha")) -> 8 | G5: =IF(A5="","",SUMIFS(op_Valor,op_Cliente,A5,op_Status,"Ganha")) -> 104600 | H5: =IF(OR(A5="",E5=""),"",DataRef-E5) -> 42 | I5: =IF(A5="","",IF(F5=0,"Sem compra",IF(H5<=DiasRisco,"Ativo",IF(H5<=DiasInativo,"Em risco","Inativo")))) -> Ativo | J5: =IF(A5="","",IF(I5="Ativo","Manter relacionamento e oferecer upsell",IF(I5="Em risco","Contato do consultor nesta semana",IF(I5="Inativo","Campanha de reativação","Primeira abordagem comercial")))) -> Manter relacionamento e oferecer upsell | K5: =IF(A5="","",G5+ROW()/1000000) -> 104600
A6: Escola Nova Era | B6: Escola privada | C6: Sul | D6: Bruno Lima | E6: =IF(A6="","",IF(F6=0,"",_xlfn.MAXIFS(op_Fech,op_Cliente,A6,op_Status,"Ganha"))) -> 46284 | F6: =IF(A6="","",COUNTIFS(op_Cliente,A6,op_Status,"Ganha")) -> 4 | G6: =IF(A6="","",SUMIFS(op_Valor,op_Cliente,A6,op_Status,"Ganha")) -> 52600 | H6: =IF(OR(A6="",E6=""),"",DataRef-E6) -> 24 | I6: =IF(A6="","",IF(F6=0,"Sem compra",IF(H6<=DiasRisco,"Ativo",IF(H6<=DiasInativo,"Em risco","Inativo")))) -> Ativo | J6: =IF(A6="","",IF(I6="Ativo","Manter relacionamento e oferecer upsell",IF(I6="Em risco","Contato do consultor nesta semana",IF(I6="Inativo","Campanha de reativação","Primeira abordagem comercial")))) -> Manter relacionamento e oferecer upsell | K6: =IF(A6="","",G6+ROW()/1000000) -> 52600
A7: Instituto Horizonte | B7: Rede de ensino | C7: Nordeste | D7: Carla Mendes | E7: =IF(A7="","",IF(F7=0,"",_xlfn.MAXIFS(op_Fech,op_Cliente,A7,op_Status,"Ganha"))) -> 46193 | F7: =IF(A7="","",COUNTIFS(op_Cliente,A7,op_Status,"Ganha")) -> 2 | G7: =IF(A7="","",SUMIFS(op_Valor,op_Cliente,A7,op_Status,"Ganha")) -> 29600 | H7: =IF(OR(A7="",E7=""),"",DataRef-E7) -> 115 | I7: =IF(A7="","",IF(F7=0,"Sem compra",IF(H7<=DiasRisco,"Ativo",IF(H7<=DiasInativo,"Em risco","Inativo")))) -> Em risco | J7: =IF(A7="","",IF(I7="Ativo","Manter relacionamento e oferecer upsell",IF(I7="Em risco","Contato do consultor nesta semana",IF(I7="Inativo","Campanha de reativação","Primeira abordagem comercial")))) -> Contato do consultor nesta semana | K7: =IF(A7="","",G7+ROW()/1000000) -> 29600
A8: Colégio Santa Clara | B8: Escola privada | C8: Sudeste | D8: Diego Rocha | E8: =IF(A8="","",IF(F8=0,"",_xlfn.MAXIFS(op_Fech,op_Cliente,A8,op_Status,"Ganha"))) -> 46235 | F8: =IF(A8="","",COUNTIFS(op_Cliente,A8,op_Status,"Ganha")) -> 5 | G8: =IF(A8="","",SUMIFS(op_Valor,op_Cliente,A8,op_Status,"Ganha")) -> 36600 | H8: =IF(OR(A8="",E8=""),"",DataRef-E8) -> 73 | I8: =IF(A8="","",IF(F8=0,"Sem compra",IF(H8<=DiasRisco,"Ativo",IF(H8<=DiasInativo,"Em risco","Inativo")))) -> Ativo | J8: =IF(A8="","",IF(I8="Ativo","Manter relacionamento e oferecer upsell",IF(I8="Em risco","Contato do consultor nesta semana",IF(I8="Inativo","Campanha de reativação","Primeira abordagem comercial")))) -> Manter relacionamento e oferecer upsell | K8: =IF(A8="","",G8+ROW()/1000000) -> 36600
A9: Escola Alicerce | B9: Escola privada | C9: Centro-Oeste | D9: Elisa Prado | E9: =IF(A9="","",IF(F9=0,"",_xlfn.MAXIFS(op_Fech,op_Cliente,A9,op_Status,"Ganha"))) -> 46206 | F9: =IF(A9="","",COUNTIFS(op_Cliente,A9,op_Status,"Ganha")) -> 4 | G9: =IF(A9="","",SUMIFS(op_Valor,op_Cliente,A9,op_Status,"Ganha")) -> 28700 | H9: =IF(OR(A9="",E9=""),"",DataRef-E9) -> 102 | I9: =IF(A9="","",IF(F9=0,"Sem compra",IF(H9<=DiasRisco,"Ativo",IF(H9<=DiasInativo,"Em risco","Inativo")))) -> Em risco | J9: =IF(A9="","",IF(I9="Ativo","Manter relacionamento e oferecer upsell",IF(I9="Em risco","Contato do consultor nesta semana",IF(I9="Inativo","Campanha de reativação","Primeira abordagem comercial")))) -> Contato do consultor nesta semana | K9: =IF(A9="","",G9+ROW()/1000000) -> 28700
A10: Centro Educacional Pioneiro | B10: Rede de ensino | C10: Norte | D10: Felipe Duarte | E10: =IF(A10="","",IF(F10=0,"",_xlfn.MAXIFS(op_Fech,op_Cliente,A10,op_Status,"Ganha"))) -> 46243 | F10: =IF(A10="","",COUNTIFS(op_Cliente,A10,op_Status,"Ganha")) -> 6 | G10: =IF(A10="","",SUMIFS(op_Valor,op_Cliente,A10,op_Status,"Ganha")) -> 241500 | H10: =IF(OR(A10="",E10=""),"",DataRef-E10) -> 65 | I10: =IF(A10="","",IF(F10=0,"Sem compra",IF(H10<=DiasRisco,"Ativo",IF(H10<=DiasInativo,"Em risco","Inativo")))) -> Ativo | J10: =IF(A10="","",IF(I10="Ativo","Manter relacionamento e oferecer upsell",IF(I10="Em risco","Contato do consultor nesta semana",IF(I10="Inativo","Campanha de reativação","Primeira abordagem comercial")))) -> Manter relacionamento e oferecer upsell | K10: =IF(A10="","",G10+ROW()/1000000) -> 241500
A11: Colégio Vale Verde | B11: Escola privada | C11: Sudeste | D11: Ana Souza | E11: =IF(A11="","",IF(F11=0,"",_xlfn.MAXIFS(op_Fech,op_Cliente,A11,op_Status,"Ganha"))) -> 46237 | F11: =IF(A11="","",COUNTIFS(op_Cliente,A11,op_Status,"Ganha")) -> 6 | G11: =IF(A11="","",SUMIFS(op_Valor,op_Cliente,A11,op_Status,"Ganha")) -> 39900 | H11: =IF(OR(A11="",E11=""),"",DataRef-E11) -> 71 | I11: =IF(A11="","",IF(F11=0,"Sem compra",IF(H11<=DiasRisco,"Ativo",IF(H11<=DiasInativo,"Em risco","Inativo")))) -> Ativo | J11: =IF(A11="","",IF(I11="Ativo","Manter relacionamento e oferecer upsell",IF(I11="Em risco","Contato do consultor nesta semana",IF(I11="Inativo","Campanha de reativação","Primeira abordagem comercial")))) -> Manter relacionamento e oferecer upsell | K11: =IF(A11="","",G11+ROW()/1000000) -> 39900
A12: Escola Girassol | B12: Escola privada | C12: Sul | D12: Bruno Lima | E12: =IF(A12="","",IF(F12=0,"",_xlfn.MAXIFS(op_Fech,op_Cliente,A12,op_Status,"Ganha"))) -> 46169 | F12: =IF(A12="","",COUNTIFS(op_Cliente,A12,op_Status,"Ganha")) -> 2 | G12: =IF(A12="","",SUMIFS(op_Valor,op_Cliente,A12,op_Status,"Ganha")) -> 16700 | H12: =IF(OR(A12="",E12=""),"",DataRef-E12) -> 139 | I12: =IF(A12="","",IF(F12=0,"Sem compra",IF(H12<=DiasRisco,"Ativo",IF(H12<=DiasInativo,"Em risco","Inativo")))) -> Em risco | J12: =IF(A12="","",IF(I12="Ativo","Manter relacionamento e oferecer upsell",IF(I12="Em risco","Contato do consultor nesta semana",IF(I12="Inativo","Campanha de reativação","Primeira abordagem comercial")))) -> Contato do consultor nesta semana | K12: =IF(A12="","",G12+ROW()/1000000) -> 16700
A13: Instituto Aprender+ | B13: Rede de ensino | C13: Nordeste | D13: Carla Mendes | E13: =IF(A13="","",IF(F13=0,"",_xlfn.MAXIFS(op_Fech,op_Cliente,A13,op_Status,"Ganha"))) -> 46216 | F13: =IF(A13="","",COUNTIFS(op_Cliente,A13,op_Status,"Ganha")) -> 7 | G13: =IF(A13="","",SUMIFS(op_Valor,op_Cliente,A13,op_Status,"Ganha")) -> 262100 | H13: =IF(OR(A13="",E13=""),"",DataRef-E13) -> 92 | I13: =IF(A13="","",IF(F13=0,"Sem compra",IF(H13<=DiasRisco,"Ativo",IF(H13<=DiasInativo,"Em risco","Inativo")))) -> Em risco | J13: =IF(A13="","",IF(I13="Ativo","Manter relacionamento e oferecer upsell",IF(I13="Em risco","Contato do consultor nesta semana",IF(I13="Inativo","Campanha de reativação","Primeira abordagem comercial")))) -> Contato do consultor nesta semana | K13: =IF(A13="","",G13+ROW()/1000000) -> 262100
A14: Colégio Maristela | B14: Escola privada | C14: Sudeste | D14: Diego Rocha | E14: =IF(A14="","",IF(F14=0,"",_xlfn.MAXIFS(op_Fech,op_Cliente,A14,op_Status,"Ganha"))) -> 46254 | F14: =IF(A14="","",COUNTIFS(op_Cliente,A14,op_Status,"Ganha")) -> 5 | G14: =IF(A14="","",SUMIFS(op_Valor,op_Cliente,A14,op_Status,"Ganha")) -> 64300 | H14: =IF(OR(A14="",E14=""),"",DataRef-E14) -> 54 | I14: =IF(A14="","",IF(F14=0,"Sem compra",IF(H14<=DiasRisco,"Ativo",IF(H14<=DiasInativo,"Em risco","Inativo")))) -> Ativo | J14: =IF(A14="","",IF(I14="Ativo","Manter relacionamento e oferecer upsell",IF(I14="Em risco","Contato do consultor nesta semana",IF(I14="Inativo","Campanha de reativação","Primeira abordagem comercial")))) -> Manter relacionamento e oferecer upsell | K14: =IF(A14="","",G14+ROW()/1000000) -> 64300
A15: Escola Caminho do Saber | B15: Escola privada | C15: Centro-Oeste | D15: Elisa Prado | E15: =IF(A15="","",IF(F15=0,"",_xlfn.MAXIFS(op_Fech,op_Cliente,A15,op_Status,"Ganha"))) -> 46226 | F15: =IF(A15="","",COUNTIFS(op_Cliente,A15,op_Status,"Ganha")) -> 6 | G15: =IF(A15="","",SUMIFS(op_Valor,op_Cliente,A15,op_Status,"Ganha")) -> 98000 | H15: =IF(OR(A15="",E15=""),"",DataRef-E15) -> 82 | I15: =IF(A15="","",IF(F15=0,"Sem compra",IF(H15<=DiasRisco,"Ativo",IF(H15<=DiasInativo,"Em risco","Inativo")))) -> Ativo | J15: =IF(A15="","",IF(I15="Ativo","Manter relacionamento e oferecer upsell",IF(I15="Em risco","Contato do consultor nesta semana",IF(I15="Inativo","Campanha de reativação","Primeira abordagem comercial")))) -> Manter relacionamento e oferecer upsell | K15: =IF(A15="","",G15+ROW()/1000000) -> 98000
A16: Prefeitura de Vila Nova | B16: Prefeitura | C16: Norte | D16: Felipe Duarte | E16: =IF(A16="","",IF(F16=0,"",_xlfn.MAXIFS(op_Fech,op_Cliente,A16,op_Status,"Ganha"))) -> 46262 | F16: =IF(A16="","",COUNTIFS(op_Cliente,A16,op_Status,"Ganha")) -> 1 | G16: =IF(A16="","",SUMIFS(op_Valor,op_Cliente,A16,op_Status,"Ganha")) -> 71200 | H16: =IF(OR(A16="",E16=""),"",DataRef-E16) -> 46 | I16: =IF(A16="","",IF(F16=0,"Sem compra",IF(H16<=DiasRisco,"Ativo",IF(H16<=DiasInativo,"Em risco","Inativo")))) -> Ativo | J16: =IF(A16="","",IF(I16="Ativo","Manter relacionamento e oferecer upsell",IF(I16="Em risco","Contato do consultor nesta semana",IF(I16="Inativo","Campanha de reativação","Primeira abordagem comercial")))) -> Manter relacionamento e oferecer upsell | K16: =IF(A16="","",G16+ROW()/1000000) -> 71200
... A36: Colégio Nova Geração | B36: Escola privada | C36: Sul | D36: Bruno Lima | E36: =IF(A36="","",IF(F36=0,"",_xlfn.MAXIFS(op_Fech,op_Cliente,A36,op_Status,"Ganha"))) | F36: =IF(A36="","",COUNTIFS(op_Cliente,A36,op_Status,"Ganha")) -> 0 | G36: =IF(A36="","",SUMIFS(op_Valor,op_Cliente,A36,op_Status,"Ganha")) -> 0 | H36: =IF(OR(A36="",E36=""),"",DataRef-E36) | I36: =IF(A36="","",IF(F36=0,"Sem compra",IF(H36<=DiasRisco,"Ativo",IF(H36<=DiasInativo,"Em risco","Inativo")))) -> Sem compra | J36: =IF(A36="","",IF(I36="Ativo","Manter relacionamento e oferecer upsell",IF(I36="Em risco","Contato do consultor nesta semana",IF(I36="Inativo","Campanha de reativação","Primeira abordagem comercial")))) -> Primeira abordagem comercial | K36: =IF(A36="","",G36+ROW()/1000000) -> 3.6e-05
E37: =IF(A37="","",IF(F37=0,"",_xlfn.MAXIFS(op_Fech,op_Cliente,A37,op_Status,"Ganha"))) | F37: =IF(A37="","",COUNTIFS(op_Cliente,A37,op_Status,"Ganha")) | G37: =IF(A37="","",SUMIFS(op_Valor,op_Cliente,A37,op_Status,"Ganha")) | H37: =IF(OR(A37="",E37=""),"",DataRef-E37) | I37: =IF(A37="","",IF(F37=0,"Sem compra",IF(H37<=DiasRisco,"Ativo",IF(H37<=DiasInativo,"Em risco","Inativo")))) | J37: =IF(A37="","",IF(I37="Ativo","Manter relacionamento e oferecer upsell",IF(I37="Em risco","Contato do consultor nesta semana",IF(I37="Inativo","Campanha de reativação","Primeira abordagem comercial")))) | K37: =IF(A37="","",G37+ROW()/1000000)
E38: =IF(A38="","",IF(F38=0,"",_xlfn.MAXIFS(op_Fech,op_Cliente,A38,op_Status,"Ganha"))) | F38: =IF(A38="","",COUNTIFS(op_Cliente,A38,op_Status,"Ganha")) | G38: =IF(A38="","",SUMIFS(op_Valor,op_Cliente,A38,op_Status,"Ganha")) | H38: =IF(OR(A38="",E38=""),"",DataRef-E38) | I38: =IF(A38="","",IF(F38=0,"Sem compra",IF(H38<=DiasRisco,"Ativo",IF(H38<=DiasInativo,"Em risco","Inativo")))) | J38: =IF(A38="","",IF(I38="Ativo","Manter relacionamento e oferecer upsell",IF(I38="Em risco","Contato do consultor nesta semana",IF(I38="Inativo","Campanha de reativação","Primeira abordagem comercial")))) | K38: =IF(A38="","",G38+ROW()/1000000)
E39: =IF(A39="","",IF(F39=0,"",_xlfn.MAXIFS(op_Fech,op_Cliente,A39,op_Status,"Ganha"))) | F39: =IF(A39="","",COUNTIFS(op_Cliente,A39,op_Status,"Ganha")) | G39: =IF(A39="","",SUMIFS(op_Valor,op_Cliente,A39,op_Status,"Ganha")) | H39: =IF(OR(A39="",E39=""),"",DataRef-E39) | I39: =IF(A39="","",IF(F39=0,"Sem compra",IF(H39<=DiasRisco,"Ativo",IF(H39<=DiasInativo,"Em risco","Inativo")))) | J39: =IF(A39="","",IF(I39="Ativo","Manter relacionamento e oferecer upsell",IF(I39="Em risco","Contato do consultor nesta semana",IF(I39="Inativo","Campanha de reativação","Primeira abordagem comercial")))) | K39: =IF(A39="","",G39+ROW()/1000000)
E40: =IF(A40="","",IF(F40=0,"",_xlfn.MAXIFS(op_Fech,op_Cliente,A40,op_Status,"Ganha"))) | F40: =IF(A40="","",COUNTIFS(op_Cliente,A40,op_Status,"Ganha")) | G40: =IF(A40="","",SUMIFS(op_Valor,op_Cliente,A40,op_Status,"Ganha")) | H40: =IF(OR(A40="",E40=""),"",DataRef-E40) | I40: =IF(A40="","",IF(F40=0,"Sem compra",IF(H40<=DiasRisco,"Ativo",IF(H40<=DiasInativo,"Em risco","Inativo")))) | J40: =IF(A40="","",IF(I40="Ativo","Manter relacionamento e oferecer upsell",IF(I40="Em risco","Contato do consultor nesta semana",IF(I40="Inativo","Campanha de reativação","Primeira abordagem comercial")))) | K40: =IF(A40="","",G40+ROW()/1000000)
E41: =IF(A41="","",IF(F41=0,"",_xlfn.MAXIFS(op_Fech,op_Cliente,A41,op_Status,"Ganha"))) | F41: =IF(A41="","",COUNTIFS(op_Cliente,A41,op_Status,"Ganha")) | G41: =IF(A41="","",SUMIFS(op_Valor,op_Cliente,A41,op_Status,"Ganha")) | H41: =IF(OR(A41="",E41=""),"",DataRef-E41) | I41: =IF(A41="","",IF(F41=0,"Sem compra",IF(H41<=DiasRisco,"Ativo",IF(H41<=DiasInativo,"Em risco","Inativo")))) | J41: =IF(A41="","",IF(I41="Ativo","Manter relacionamento e oferecer upsell",IF(I41="Em risco","Contato do consultor nesta semana",IF(I41="Inativo","Campanha de reativação","Primeira abordagem comercial")))) | K41: =IF(A41="","",G41+ROW()/1000000)
E42: =IF(A42="","",IF(F42=0,"",_xlfn.MAXIFS(op_Fech,op_Cliente,A42,op_Status,"Ganha"))) | F42: =IF(A42="","",COUNTIFS(op_Cliente,A42,op_Status,"Ganha")) | G42: =IF(A42="","",SUMIFS(op_Valor,op_Cliente,A42,op_Status,"Ganha")) | H42: =IF(OR(A42="",E42=""),"",DataRef-E42) | I42: =IF(A42="","",IF(F42=0,"Sem compra",IF(H42<=DiasRisco,"Ativo",IF(H42<=DiasInativo,"Em risco","Inativo")))) | J42: =IF(A42="","",IF(I42="Ativo","Manter relacionamento e oferecer upsell",IF(I42="Em risco","Contato do consultor nesta semana",IF(I42="Inativo","Campanha de reativação","Primeira abordagem comercial")))) | K42: =IF(A42="","",G42+ROW()/1000000)
E43: =IF(A43="","",IF(F43=0,"",_xlfn.MAXIFS(op_Fech,op_Cliente,A43,op_Status,"Ganha"))) | F43: =IF(A43="","",COUNTIFS(op_Cliente,A43,op_Status,"Ganha")) | G43: =IF(A43="","",SUMIFS(op_Valor,op_Cliente,A43,op_Status,"Ganha")) | H43: =IF(OR(A43="",E43=""),"",DataRef-E43) | I43: =IF(A43="","",IF(F43=0,"Sem compra",IF(H43<=DiasRisco,"Ativo",IF(H43<=DiasInativo,"Em risco","Inativo")))) | J43: =IF(A43="","",IF(I43="Ativo","Manter relacionamento e oferecer upsell",IF(I43="Em risco","Contato do consultor nesta semana",IF(I43="Inativo","Campanha de reativação","Primeira abordagem comercial")))) | K43: =IF(A43="","",G43+ROW()/1000000)
E44: =IF(A44="","",IF(F44=0,"",_xlfn.MAXIFS(op_Fech,op_Cliente,A44,op_Status,"Ganha"))) | F44: =IF(A44="","",COUNTIFS(op_Cliente,A44,op_Status,"Ganha")) | G44: =IF(A44="","",SUMIFS(op_Valor,op_Cliente,A44,op_Status,"Ganha")) | H44: =IF(OR(A44="",E44=""),"",DataRef-E44) | I44: =IF(A44="","",IF(F44=0,"Sem compra",IF(H44<=DiasRisco,"Ativo",IF(H44<=DiasInativo,"Em risco","Inativo")))) | J44: =IF(A44="","",IF(I44="Ativo","Manter relacionamento e oferecer upsell",IF(I44="Em risco","Contato do consultor nesta semana",IF(I44="Inativo","Campanha de reativação","Primeira abordagem comercial")))) | K44: =IF(A44="","",G44+ROW()/1000000)
E45: =IF(A45="","",IF(F45=0,"",_xlfn.MAXIFS(op_Fech,op_Cliente,A45,op_Status,"Ganha"))) | F45: =IF(A45="","",COUNTIFS(op_Cliente,A45,op_Status,"Ganha")) | G45: =IF(A45="","",SUMIFS(op_Valor,op_Cliente,A45,op_Status,"Ganha")) | H45: =IF(OR(A45="",E45=""),"",DataRef-E45) | I45: =IF(A45="","",IF(F45=0,"Sem compra",IF(H45<=DiasRisco,"Ativo",IF(H45<=DiasInativo,"Em risco","Inativo")))) | J45: =IF(A45="","",IF(I45="Ativo","Manter relacionamento e oferecer upsell",IF(I45="Em risco","Contato do consultor nesta semana",IF(I45="Inativo","Campanha de reativação","Primeira abordagem comercial")))) | K45: =IF(A45="","",G45+ROW()/1000000)
E46: =IF(A46="","",IF(F46=0,"",_xlfn.MAXIFS(op_Fech,op_Cliente,A46,op_Status,"Ganha"))) | F46: =IF(A46="","",COUNTIFS(op_Cliente,A46,op_Status,"Ganha")) | G46: =IF(A46="","",SUMIFS(op_Valor,op_Cliente,A46,op_Status,"Ganha")) | H46: =IF(OR(A46="",E46=""),"",DataRef-E46) | I46: =IF(A46="","",IF(F46=0,"Sem compra",IF(H46<=DiasRisco,"Ativo",IF(H46<=DiasInativo,"Em risco","Inativo")))) | J46: =IF(A46="","",IF(I46="Ativo","Manter relacionamento e oferecer upsell",IF(I46="Em risco","Contato do consultor nesta semana",IF(I46="Inativo","Campanha de reativação","Primeira abordagem comercial")))) | K46: =IF(A46="","",G46+ROW()/1000000)
E47: =IF(A47="","",IF(F47=0,"",_xlfn.MAXIFS(op_Fech,op_Cliente,A47,op_Status,"Ganha"))) | F47: =IF(A47="","",COUNTIFS(op_Cliente,A47,op_Status,"Ganha")) | G47: =IF(A47="","",SUMIFS(op_Valor,op_Cliente,A47,op_Status,"Ganha")) | H47: =IF(OR(A47="",E47=""),"",DataRef-E47) | I47: =IF(A47="","",IF(F47=0,"Sem compra",IF(H47<=DiasRisco,"Ativo",IF(H47<=DiasInativo,"Em risco","Inativo")))) | J47: =IF(A47="","",IF(I47="Ativo","Manter relacionamento e oferecer upsell",IF(I47="Em risco","Contato do consultor nesta semana",IF(I47="Inativo","Campanha de reativação","Primeira abordagem comercial")))) | K47: =IF(A47="","",G47+ROW()/1000000)
E48: =IF(A48="","",IF(F48=0,"",_xlfn.MAXIFS(op_Fech,op_Cliente,A48,op_Status,"Ganha"))) | F48: =IF(A48="","",COUNTIFS(op_Cliente,A48,op_Status,"Ganha")) | G48: =IF(A48="","",SUMIFS(op_Valor,op_Cliente,A48,op_Status,"Ganha")) | H48: =IF(OR(A48="",E48=""),"",DataRef-E48) | I48: =IF(A48="","",IF(F48=0,"Sem compra",IF(H48<=DiasRisco,"Ativo",IF(H48<=DiasInativo,"Em risco","Inativo")))) | J48: =IF(A48="","",IF(I48="Ativo","Manter relacionamento e oferecer upsell",IF(I48="Em risco","Contato do consultor nesta semana",IF(I48="Inativo","Campanha de reativação","Primeira abordagem comercial")))) | K48: =IF(A48="","",G48+ROW()/1000000)
... E104: =IF(A104="","",IF(F104=0,"",_xlfn.MAXIFS(op_Fech,op_Cliente,A104,op_Status,"Ganha"))) | F104: =IF(A104="","",COUNTIFS(op_Cliente,A104,op_Status,"Ganha")) | G104: =IF(A104="","",SUMIFS(op_Valor,op_Cliente,A104,op_Status,"Ganha")) | H104: =IF(OR(A104="",E104=""),"",DataRef-E104) | I104: =IF(A104="","",IF(F104=0,"Sem compra",IF(H104<=DiasRisco,"Ativo",IF(H104<=DiasInativo,"Em risco","Inativo")))) | J104: =IF(A104="","",IF(I104="Ativo","Manter relacionamento e oferecer upsell",IF(I104="Em risco","Contato do consultor nesta semana",IF(I104="Inativo","Campanha de reativação","Primeira abordagem comercial")))) | K104: =IF(A104="","",G104+ROW()/1000000)

Sheet Parâmetros
B1: Parâmetros
B2: Valores que alimentam as fórmulas. Texto azul = digitado por você. Fundo amarelo = o que você mais vai mexer.
B4: Parâmetros gerais
B5: Data de referência | C5: 46308 | E5: Fixa para o painel não mudar sozinho. Troque por =HOJE() para uso diário.
B6: Oportunidade parada a partir de (dias em aberto) | C6: 45 | E6: Oportunidade aberta há mais dias que isso recebe o alerta Parada.
B7: Cliente em risco a partir de (dias sem compra) | C7: 90 | E7: Contados desde a última venda ganha.
B8: Cliente inativo a partir de (dias sem compra) | C8: 180 | E8: Acima disso a carteira sugere campanha de reativação.
B10: Auxiliares (calculados, não editar)
B11: Critério do filtro de consultor | C11: =IF(Painel!$F$4="Todos","*",Painel!$F$4) -> * | E11: Vira * (qualquer consultor) quando o Painel está em Todos.
B12: Início do mês selecionado | C12: =Painel!$C$4 -> 46266
B13: Fim do mês selecionado | C13: =EOMONTH(C12,0) -> 46295
B15: Listas
B16: Etapa do funil | C16: Probabilidade | E16: Consultores | G16: Produtos | I16: Regiões | K16: Segmentos | M16: Mês (data) | N16: Rótulo
B17: Prospecção | C17: 0.1 | E17: Todos | G17: Coleção Didática | I17: Sudeste | K17: Escola privada | M17: 46023 | N17: Jan/26
B18: Qualificação | C18: 0.25 | E18: Ana Souza | G18: Plataforma Digital | I18: Sul | K18: Rede de ensino | M18: 46054 | N18: Fev/26
B19: Proposta enviada | C19: 0.5 | E19: Bruno Lima | G19: Material Complementar | I19: Nordeste | K19: Prefeitura | M19: 46082 | N19: Mar/26
B20: Negociação | C20: 0.75 | E20: Carla Mendes | G20: Formação de Professores | I20: Centro-Oeste | K20: Cursinho | M20: 46113 | N20: Abr/26
B21: Fechado ganho | C21: 1 | E21: Diego Rocha | I21: Norte | M21: 46143 | N21: Mai/26
B22: Fechado perdido | C22: 0 | E22: Elisa Prado | M22: 46174 | N22: Jun/26
E23: Felipe Duarte | M23: 46204 | N23: Jul/26
B24: Probabilidades por etapa são ilustrativas. Ajuste ao histórico de conversão da sua equipe. | M24: 46235 | N24: Ago/26
M25: 46266 | N25: Set/26
M26: 46296 | N26: Out/26
M27: 46327 | N27: Nov/26
M28: 46357 | N28: Dez/26
